#node1,node2,combined_score
ABCA3,NR3C1,0.471
ABCA3,ABCC4,0.598
ABCB1,ERCC1,0.515
ABCB1,APEX1,0.423
ABCB1,MMP2,0.42
ABCB1,CYP3A5,0.92
ABCB1,NFKB1,0.43
ABCB1,NR3C1,0.558
ABCB1,KRAS,0.504
ABCB1,SLCO1B1,0.883
ABCB1,MDM2,0.472
ABCB1,STAT3,0.8
ABCB1,TP53,0.617
ABCB1,KIT,0.451
ABCB1,UGT1A1,0.683
ABCB1,SLC19A1,0.552
ABCB1,CD34,0.42
ABCB1,GSTM1,0.674
ABCB1,TPMT,0.518
ABCB1,TYMS,0.548
ABCB1,MET,0.412
ABCB1,MTOR,0.476
ABCB1,PTGS2,0.41
ABCB1,XIAP,0.432
ABCB1,PTEN,0.521
ABCB1,MMP9,0.46
ABCB1,ABL1,0.524
ABCB1,MTHFR,0.545
ABCB1,CYP1A1,0.587
ABCB1,GSTP1,0.595
ABCB1,ABCC1,0.589
ABCB1,IL6,0.443
ABCB1,DHFR,0.486
ABCB1,TNF,0.433
ABCB1,TOP2A,0.417
ABCB1,BRAF,0.435
ABCB1,PROM1,0.584
ABCB1,CYP2E1,0.648
ABCB1,AKT1,0.616
ABCB1,NOTCH1,0.419
ABCB1,EPHX1,0.423
ABCB1,ABCG2,0.549
ABCB1,ABCC4,0.558
ABCC1,ERCC1,0.421
ABCC1,CYP3A5,0.511
ABCC1,KRAS,0.477
ABCC1,SLCO1B1,0.587
ABCC1,STAT3,0.402
ABCC1,TP53,0.492
ABCC1,UGT1A1,0.526
ABCC1,SLC19A1,0.493
ABCC1,TYMS,0.469
ABCC1,GSTP1,0.493
ABCC1,DHFR,0.444
ABCC1,PROM1,0.472
ABCC1,AKT1,0.533
ABCC1,ABCG2,0.971
ABCC4,SLCO1B1,0.722
ABCC4,NUDT15,0.492
ABCC4,UGT1A1,0.529
ABCC4,SLC19A1,0.478
ABCC4,TPMT,0.551
ABCC4,NQO1,0.42
ABCC4,GATA2,0.429
ABCC4,TAP1,0.438
ABCC4,TAP2,0.478
ABCC4,ABCG2,0.632
ABCG2,ERCC1,0.446
ABCG2,CYP3A5,0.681
ABCG2,NFKB1,0.402
ABCG2,HSPB1,0.446
ABCG2,KRAS,0.447
ABCG2,SLCO1B1,0.886
ABCG2,STAT3,0.659
ABCG2,TP53,0.615
ABCG2,THY1,0.523
ABCG2,KIT,0.615
ABCG2,HPRT1,0.535
ABCG2,UGT1A1,0.683
ABCG2,SLC19A1,0.492
ABCG2,CD34,0.553
ABCG2,TYMS,0.478
ABCG2,MET,0.492
ABCG2,EZH2,0.433
ABCG2,PTEN,0.514
ABCG2,MMP9,0.438
ABCG2,ABL1,0.488
ABCG2,CYP1A1,0.568
ABCG2,GSTP1,0.608
ABCG2,IL6,0.435
ABCG2,CXCR4,0.511
ABCG2,DHFR,0.433
ABCG2,BRAF,0.419
ABCG2,PROM1,0.787
ABCG2,CYP2E1,0.451
ABCG2,AKT1,0.619
ABCG2,EPHX1,0.45
ABCG2,NOTCH1,0.533
ABL1,APEX1,0.451
ABL1,MPO,0.485
ABL1,NFKB1,0.49
ABL1,IL2,0.418
ABL1,CDKN1B,0.746
ABL1,FLT3,0.495
ABL1,KRAS,0.703
ABL1,MDM2,0.896
ABL1,BLK,0.429
ABL1,CCND2,0.71
ABL1,CD33,0.631
ABL1,CREBBP,0.578
ABL1,TCF3,0.834
ABL1,EP300,0.673
ABL1,CBL,0.996
ABL1,STAT3,0.664
ABL1,MECOM,0.475
ABL1,DNMT3A,0.591
ABL1,NBN,0.548
ABL1,RB1,0.98
ABL1,TP53,0.909
ABL1,CDKN2B,0.463
ABL1,ATM,0.988
ABL1,FLT1,0.459
ABL1,KIT,0.664
ABL1,STAT5B,0.983
ABL1,TLX3,0.739
ABL1,NPM1,0.704
ABL1,RUNX1,0.871
ABL1,BCR,0.996
ABL1,OGG1,0.514
ABL1,MLLT10,0.496
ABL1,TERT,0.603
ABL1,CD34,0.783
ABL1,NUP98,0.676
ABL1,EZH2,0.606
ABL1,IL3RA,0.418
ABL1,IKZF1,0.845
ABL1,IDH2,0.594
ABL1,FOXO3,0.492
ABL1,STAT5A,0.98
ABL1,GATA2,0.51
ABL1,PAX5,0.623
ABL1,CASP8,0.471
ABL1,DNMT1,0.432
ABL1,MTOR,0.692
ABL1,NRAS,0.704
ABL1,XIAP,0.641
ABL1,PTEN,0.65
ABL1,AKT1,0.409
ABL1,CXCR4,0.417
ABL1,NCAM1,0.422
ABL1,RELA,0.435
ABL1,BAG1,0.443
ABL1,CXCL12,0.462
ABL1,TNF,0.479
ABL1,JAK1,0.482
ABL1,RAD50,0.501
ABL1,BRCA2,0.514
ABL1,IL6,0.529
ABL1,BCL2L11,0.542
ABL1,P2RY8,0.569
ABL1,CEBPA,0.57
ABL1,MME,0.574
ABL1,PTPN11,0.603
ABL1,WT1,0.611
ABL1,IDH1,0.614
ABL1,NOTCH1,0.641
ABL1,LOC102723407,0.666
ABL1,CRLF2,0.67
ABL1,KMT2A,0.684
ABL1,FBXW7,0.718
ABL1,PBX1,0.729
ABL1,CDKN2A,0.763
ABL1,WASF1,0.768
ABL1,AFF1,0.845
ABL1,RAD51,0.915
ABL1,ETV6,0.932
AFF1,FLT3,0.555
AFF1,CREBBP,0.413
AFF1,TCF3,0.691
AFF1,EP300,0.438
AFF1,PRDM16,0.449
AFF1,NPM1,0.54
AFF1,RUNX1,0.731
AFF1,BCR,0.668
AFF1,MLLT10,0.985
AFF1,TERT,0.416
AFF1,CD34,0.448
AFF1,NUP98,0.53
AFF1,EZH2,0.439
AFF1,IKZF1,0.651
AFF1,PAX5,0.423
AFF1,EPS15,0.582
AFF1,PSIP1,0.486
AFF1,P2RY8,0.4
AFF1,MME,0.424
AFF1,LOC102723407,0.437
AFF1,TOP2A,0.547
AFF1,NSD1,0.569
AFF1,ETV6,0.715
AFF1,AFF3,0.769
AFF1,PBX1,0.852
AFF1,KMT2A,0.99
AFF3,BLK,0.46
AFF3,BCR,0.414
AFF3,MLLT10,0.615
AFF3,KMT2A,0.631
AKT1,ERCC1,0.43
AKT1,TNFRSF1A,0.817
AKT1,MIF,0.48
AKT1,TIMP1,0.607
AKT1,MMP2,0.846
AKT1,MPO,0.546
AKT1,NFKB1,0.896
AKT1,IL2,0.692
AKT1,CDKN1B,0.996
AKT1,NR3C1,0.791
AKT1,IGFBP2,0.483
AKT1,FLT3,0.68
AKT1,SOX4,0.507
AKT1,HSPB1,0.991
AKT1,KRAS,0.904
AKT1,MDM2,0.999
AKT1,SRSF1,0.432
AKT1,RIPK1,0.556
AKT1,CCND2,0.681
AKT1,VWF,0.545
AKT1,CYBA,0.992
AKT1,YY1,0.497
AKT1,CD33,0.4
AKT1,CREBBP,0.854
AKT1,TIMP2,0.521
AKT1,TCF3,0.408
AKT1,EP300,0.954
AKT1,CBL,0.775
AKT1,HDAC4,0.531
AKT1,STAT3,0.966
AKT1,DNMT3A,0.518
AKT1,ZAP70,0.537
AKT1,RB1,0.586
AKT1,TP53,0.994
AKT1,CDKN2B,0.58
AKT1,ATM,0.742
AKT1,FLT1,0.61
AKT1,THY1,0.517
AKT1,FANCD2,0.49
AKT1,KIT,0.818
AKT1,STAT5B,0.81
AKT1,IL15,0.507
AKT1,NPM1,0.796
AKT1,NOS3,0.997
AKT1,HPRT1,0.504
AKT1,SPRED1,0.428
AKT1,RUNX1,0.549
AKT1,BIRC5,0.509
AKT1,IL7R,0.465
AKT1,CXCL8,0.72
AKT1,TERT,0.903
AKT1,CD34,0.661
AKT1,LEP,0.825
AKT1,TYMS,0.435
AKT1,MET,0.408
AKT1,NQO1,0.706
AKT1,EZH2,0.867
AKT1,TAC1,0.436
AKT1,DNMT3B,0.652
AKT1,LEPR,0.573
AKT1,IDH2,0.595
AKT1,GHRL,0.528
AKT1,FOXO3,0.998
AKT1,STAT5A,0.87
AKT1,HMGB1,0.598
AKT1,GATA2,0.587
AKT1,HNRNPH1,0.412
AKT1,CASP8,0.79
AKT1,ARNT,0.771
AKT1,DNMT1,0.822
AKT1,COL18A1,0.466
AKT1,TLR9,0.538
AKT1,MTOR,0.999
AKT1,PTGS2,0.775
AKT1,FASLG,0.667
AKT1,CCN2,0.802
AKT1,S100A8,0.412
AKT1,NRAS,0.815
AKT1,XIAP,0.939
AKT1,PTEN,0.988
AKT1,MMP9,0.827
AKT1,CXCR3,0.43
AKT1,HSPA1B,0.557
AKT1,TRDMT1,0.473
AKT1,WT1,0.656
AKT1,BRCA2,0.605
AKT1,IRF4,0.681
AKT1,JAK2,0.732
AKT1,CD9,0.503
AKT1,WASF1,0.738
AKT1,BCL2L11,0.833
AKT1,CYP1A1,0.43
AKT1,CXCL12,0.722
AKT1,GSTP1,0.401
AKT1,RELA,0.78
AKT1,MDK,0.54
AKT1,IL6,0.872
AKT1,CXCR4,0.75
AKT1,IDH1,0.619
AKT1,CYLD,0.592
AKT1,TNF,0.907
AKT1,PRMT1,0.425
AKT1,TOP2A,0.595
AKT1,IL10,0.731
AKT1,BDNF,0.835
AKT1,MME,0.403
AKT1,CDKN2A,0.866
AKT1,BRAF,0.783
AKT1,PROM1,0.668
AKT1,CEBPA,0.631
AKT1,IDO1,0.512
AKT1,ENO2,0.542
AKT1,CYP2E1,0.43
AKT1,BAG1,0.403
AKT1,RAD51,0.448
AKT1,NCAM1,0.46
AKT1,LOC102723407,0.471
AKT1,FAS,0.532
AKT1,BTK,0.61
AKT1,FBXW7,0.672
AKT1,PTPN11,0.762
AKT1,CCNA2,0.771
AKT1,CTLA4,0.811
AKT1,NOTCH1,0.887
ANKS1B,TCF3,0.459
ANKS1B,GSTO2,0.406
ANKS1B,PBX1,0.523
APEX1,ERCC1,0.774
APEX1,GSTO1,0.407
APEX1,PTEN,0.409
APEX1,NBN,0.431
APEX1,VWF,0.435
APEX1,HMGB1,0.469
APEX1,GSTO2,0.475
APEX1,TOP2A,0.476
APEX1,HNRNPH1,0.506
APEX1,FOXO3,0.521
APEX1,MDM2,0.54
APEX1,HSPA1B,0.565
APEX1,BRCA2,0.585
APEX1,RFC1,0.599
APEX1,ATM,0.681
APEX1,RAD51,0.685
APEX1,XRCC4,0.695
APEX1,STAT3,0.709
APEX1,XRCC3,0.734
APEX1,LIG4,0.741
APEX1,ERCC2,0.743
APEX1,SET,0.859
APEX1,NPM1,0.871
APEX1,EP300,0.944
APEX1,TP53,0.944
APEX1,MUTYH,0.975
APEX1,OGG1,0.986
APEX1,XRCC1,0.999
ARID5B,CEBPE,0.917
ARID5B,TLX3,0.418
ARID5B,CRLF2,0.437
ARID5B,CDKN2A,0.445
ARID5B,ETV6,0.468
ARID5B,P2RY8,0.477
ARID5B,IKZF1,0.621
ARNT,MDM2,0.662
ARNT,CREBBP,0.968
ARNT,TCF3,0.403
ARNT,EP300,0.999
ARNT,STAT3,0.491
ARNT,RB1,0.404
ARNT,TP53,0.622
ARNT,FLT1,0.449
ARNT,FOXO3,0.431
ARNT,ETV6,0.409
ARNT,IL6,0.416
ARNT,PTEN,0.46
ARNT,IDH1,0.499
ARNT,MTOR,0.515
ARNT,BDNF,0.57
ARNT,CDKN2A,0.578
ARNT,RELA,0.59
ARNT,CYP1A1,0.908
ASNS,TYMS,0.407
ASNS,MTR,0.456
ASNS,MTHFD1,0.426
ASNS,ATF5,0.551
ATF5,CEBPE,0.471
ATF5,EP300,0.453
ATF5,PROM1,0.43
ATF5,CEBPA,0.703
ATM,ERCC1,0.975
ATM,NFKB1,0.746
ATM,CDKN1B,0.713
ATM,FLT3,0.516
ATM,HSPB1,0.623
ATM,KRAS,0.718
ATM,MDM2,0.995
ATM,SRSF1,0.673
ATM,RIPK1,0.585
ATM,CCND2,0.476
ATM,CREBBP,0.497
ATM,XRCC1,0.835
ATM,EP300,0.904
ATM,CBL,0.423
ATM,HDAC4,0.623
ATM,STAT3,0.592
ATM,DNMT3A,0.478
ATM,ZAP70,0.469
ATM,NBN,0.999
ATM,RB1,0.449
ATM,TP53,0.999
ATM,CDKN2B,0.518
ATM,MMP9,0.404
ATM,MTOR,0.408
ATM,GATA2,0.409
ATM,CXCL8,0.409
ATM,WT1,0.409
ATM,DNMT3B,0.413
ATM,RPL5,0.414
ATM,STAT5B,0.419
ATM,CTLA4,0.445
ATM,JAK1,0.455
ATM,HSPA1A,0.475
ATM,BCL2L11,0.483
ATM,PTPN11,0.486
ATM,RUNX1,0.487
ATM,HSPA1B,0.493
ATM,IDH2,0.51
ATM,JAK3,0.515
ATM,XIAP,0.538
ATM,TNF,0.545
ATM,RELA,0.545
ATM,JAK2,0.546
ATM,KIT,0.546
ATM,IL6,0.548
ATM,TOP2A,0.56
ATM,HLA-A,0.573
ATM,IDH1,0.578
ATM,EZH2,0.589
ATM,OGG1,0.63
ATM,BTK,0.632
ATM,NRAS,0.632
ATM,KMT2A,0.644
ATM,NPM1,0.651
ATM,MUTYH,0.662
ATM,DNMT1,0.696
ATM,NOTCH1,0.723
ATM,FBXW7,0.756
ATM,PLK1,0.768
ATM,BRAF,0.778
ATM,LOC102723407,0.787
ATM,RFC1,0.799
ATM,CCNA2,0.815
ATM,TERT,0.825
ATM,FOXO3,0.826
ATM,CDKN2A,0.847
ATM,PTEN,0.897
ATM,ERCC2,0.914
ATM,XRCC3,0.918
ATM,CASP8,0.961
ATM,XRCC4,0.98
ATM,LIG4,0.987
ATM,FANCD2,0.989
ATM,RAD50,0.99
ATM,BRCA2,0.995
ATM,RAD51,0.995
AUTS2,EP300,0.696
AUTS2,RUNX1,0.576
AUTS2,MET,0.452
AUTS2,PAX5,0.48
B3GAT1,IL2,0.679
B3GAT1,CD33,0.483
B3GAT1,KIT,0.446
B3GAT1,IL15,0.606
B3GAT1,IL7R,0.653
B3GAT1,CD34,0.543
B3GAT1,IL3RA,0.48
B3GAT1,KLRD1,0.76
B3GAT1,FASLG,0.516
B3GAT1,CXCR3,0.53
B3GAT1,HLA-A,0.496
B3GAT1,IL6,0.448
B3GAT1,TNF,0.577
B3GAT1,IL10,0.63
B3GAT1,MME,0.571
B3GAT1,CTLA4,0.545
B3GAT1,FAS,0.572
B3GAT1,ENO2,0.585
B3GAT1,NCAM1,0.927
BAALC,FLT3,0.673
BAALC,DNMT3A,0.402
BAALC,NPM1,0.661
BAALC,RUNX1,0.507
BAALC,CD34,0.728
BAALC,CEBPA,0.577
BAALC,WT1,0.606
BAG1,TNFRSF1A,0.408
BAG1,NR3C1,0.83
BAG1,TP53,0.754
BAG1,MET,0.616
BAG1,HSPA1B,0.971
BAG1,HSPA1A,0.786
BAG1,BRAF,0.642
BCL2L11,TNFRSF1A,0.479
BCL2L11,MIF,0.404
BCL2L11,BIRC7,0.415
BCL2L11,NFKB1,0.556
BCL2L11,IL2,0.642
BCL2L11,CDKN1B,0.748
BCL2L11,FLT3,0.435
BCL2L11,KRAS,0.713
BCL2L11,MDM2,0.58
BCL2L11,RIPK1,0.492
BCL2L11,CCND2,0.618
BCL2L11,CREBBP,0.643
BCL2L11,EP300,0.68
BCL2L11,STAT3,0.591
BCL2L11,TP53,0.867
BCL2L11,KIT,0.427
BCL2L11,STAT5B,0.528
BCL2L11,IL15,0.41
BCL2L11,IL7R,0.651
BCL2L11,EZH2,0.441
BCL2L11,FOXO3,0.984
BCL2L11,STAT5A,0.513
BCL2L11,CASP8,0.753
BCL2L11,MTOR,0.545
BCL2L11,FASLG,0.893
BCL2L11,CCN2,0.445
BCL2L11,NRAS,0.675
BCL2L11,XIAP,0.708
BCL2L11,PTEN,0.684
BCL2L11,MMP9,0.413
BCL2L11,MTHFR,0.439
BCL2L11,IRF4,0.427
BCL2L11,JAK2,0.643
BCL2L11,LOC102723407,0.4
BCL2L11,NOTCH1,0.404
BCL2L11,RELA,0.416
BCL2L11,CCNA2,0.431
BCL2L11,CTLA4,0.449
BCL2L11,IL10,0.452
BCL2L11,IL6,0.508
BCL2L11,FAS,0.534
BCL2L11,CDKN2A,0.541
BCL2L11,BTK,0.551
BCL2L11,TNF,0.587
BCL2L11,BRAF,0.783
BCR,FLT3,0.418
BCR,CBL,0.971
BCR,STAT3,0.587
BCR,TP53,0.58
BCR,KIT,0.807
BCR,STAT5B,0.936
BCR,RUNX1,0.404
BCR,RAD51,0.44
BCR,MLLT10,0.513
BCR,TOP2A,0.519
BCR,KMT2A,0.559
BCR,STAT5A,0.924
BDNF,TIMP1,0.604
BDNF,MMP2,0.436
BDNF,MPO,0.473
BDNF,NFKB1,0.54
BDNF,IL2,0.479
BDNF,NR3C1,0.788
BDNF,FLT3,0.695
BDNF,KRAS,0.596
BDNF,FLT4,0.715
BDNF,CREBBP,0.886
BDNF,EP300,0.405
BDNF,HDAC4,0.438
BDNF,STAT3,0.685
BDNF,DNMT3A,0.464
BDNF,TP53,0.52
BDNF,FLT1,0.769
BDNF,THY1,0.648
BDNF,KIT,0.841
BDNF,IL15,0.413
BDNF,NOS3,0.436
BDNF,CXCL8,0.713
BDNF,CD34,0.446
BDNF,LEP,0.732
BDNF,MET,0.742
BDNF,EZH2,0.577
BDNF,TAC1,0.84
BDNF,DNMT3B,0.42
BDNF,LEPR,0.485
BDNF,GHRL,0.535
BDNF,HMGB1,0.423
BDNF,DNMT1,0.636
BDNF,MTOR,0.652
BDNF,PTGS2,0.654
BDNF,NRAS,0.566
BDNF,PTEN,0.625
BDNF,MMP9,0.74
BDNF,TET1,0.593
BDNF,CXCL12,0.699
BDNF,IL6,0.846
BDNF,CXCR4,0.492
BDNF,TNF,0.739
BDNF,IL10,0.695
BDNF,IDO1,0.447
BDNF,ENO2,0.579
BDNF,PTPN11,0.63
BDNF,NCAM1,0.767
BDNF,DCX,0.778
BHLHE41,NFKB1,0.412
BHLHE41,FOXO3,0.407
BHLHE41,PTGS2,0.41
BHLHE41,CEBPA,0.41
BHLHE41,GFI1,0.432
BHLHE41,EP300,0.464
BIRC5,BIRC7,0.82
BIRC5,MMP2,0.484
BIRC5,NFKB1,0.426
BIRC5,KRAS,0.474
BIRC5,MDM2,0.422
BIRC5,STAT3,0.796
BIRC5,TP53,0.93
BIRC5,FANCD2,0.526
BIRC5,PLK1,0.98
BIRC5,MMP9,0.401
BIRC5,BRCA2,0.404
BIRC5,DHFR,0.42
BIRC5,FAS,0.468
BIRC5,CDKN2A,0.472
BIRC5,PTEN,0.483
BIRC5,CCN2,0.496
BIRC5,NUP98,0.501
BIRC5,CXCR4,0.538
BIRC5,FOXO3,0.559
BIRC5,EZH2,0.567
BIRC5,DNMT1,0.619
BIRC5,CASP8,0.66
BIRC5,RAD51,0.853
BIRC5,TYMS,0.862
BIRC5,CCNA2,0.956
BIRC5,XIAP,0.96
BIRC5,TOP2A,0.976
BIRC7,TP53,0.427
BIRC7,CASP8,0.583
BIRC7,XIAP,0.817
BLK,TLR9,0.422
BLK,IRF4,0.466
BLK,TCF3,0.489
BLK,HLA-DRB1,0.501
BLK,LOC102723407,0.56
BLK,RUNX1,0.593
BLK,IKZF1,0.651
BLK,PAX4,0.758
BLK,PAX5,0.795
BLK,STAT3,0.821
BRAF,ERCC1,0.418
BRAF,MMP2,0.412
BRAF,MPO,0.4
BRAF,NFKB1,0.684
BRAF,IL2,0.542
BRAF,CDKN1B,0.486
BRAF,NR3C1,0.515
BRAF,HSPB1,0.552
BRAF,KRAS,0.999
BRAF,MDM2,0.631
BRAF,CCND2,0.6
BRAF,VWF,0.559
BRAF,CREBBP,0.465
BRAF,EP300,0.634
BRAF,STAT3,0.773
BRAF,DNMT3A,0.486
BRAF,TP53,0.887
BRAF,CDKN2B,0.534
BRAF,KIT,0.426
BRAF,STAT5B,0.423
BRAF,NPM1,0.685
BRAF,SPRED1,0.616
BRAF,RUNX1,0.439
BRAF,CXCL8,0.431
BRAF,TERT,0.815
BRAF,CD34,0.473
BRAF,TYMS,0.445
BRAF,EZH2,0.622
BRAF,IDH2,0.731
BRAF,FOXO3,0.431
BRAF,GATA2,0.404
BRAF,CASP8,0.44
BRAF,DNMT1,0.463
BRAF,MTOR,0.654
BRAF,PTGS2,0.428
BRAF,NRAS,0.999
BRAF,XIAP,0.429
BRAF,PTEN,0.943
BRAF,MMP9,0.483
BRAF,HSPA1B,0.697
BRAF,WT1,0.492
BRAF,BRCA2,0.721
BRAF,CDX2,0.55
BRAF,JAK2,0.585
BRAF,ETV6,0.602
BRAF,HLA-A,0.603
BRAF,MDK,0.434
BRAF,IL6,0.507
BRAF,CXCR4,0.412
BRAF,IDH1,0.799
BRAF,TNF,0.486
BRAF,IL10,0.408
BRAF,CDKN2A,0.892
BRAF,PROM1,0.431
BRAF,NCAM1,0.431
BRAF,IDO1,0.447
BRAF,MUTYH,0.47
BRAF,LOC102723407,0.486
BRAF,PRAME,0.486
BRAF,KMT2A,0.598
BRAF,NOTCH1,0.668
BRAF,CTLA4,0.773
BRAF,FBXW7,0.799
BRAF,PTPN11,0.862
BRCA2,ERCC1,0.877
BRCA2,CDKN1B,0.422
BRCA2,KRAS,0.721
BRCA2,MDM2,0.702
BRCA2,XRCC1,0.827
BRCA2,NBN,0.901
BRCA2,TP53,0.995
BRCA2,CDKN2B,0.449
BRCA2,FANCD2,0.999
BRCA2,KIT,0.484
BRCA2,NPM1,0.856
BRCA2,PLK1,0.996
BRCA2,OGG1,0.508
BRCA2,TERT,0.55
BRCA2,EZH2,0.552
BRCA2,IDH2,0.411
BRCA2,STAT5A,0.465
BRCA2,DNMT1,0.418
BRCA2,MTOR,0.407
BRCA2,NRAS,0.521
BRCA2,PTEN,0.877
BRCA2,MTHFR,0.408
BRCA2,RAD50,0.759
BRCA2,WT1,0.469
BRCA2,JAK2,0.4
BRCA2,CTLA4,0.421
BRCA2,IDH1,0.484
BRCA2,RFC1,0.488
BRCA2,FBXW7,0.503
BRCA2,NOTCH1,0.569
BRCA2,ERCC2,0.636
BRCA2,TOP2A,0.661
BRCA2,CTCF,0.677
BRCA2,MUTYH,0.728
BRCA2,CDKN2A,0.806
BRCA2,XRCC4,0.845
BRCA2,CCNA2,0.877
BRCA2,LIG4,0.887
BRCA2,RAD51,0.999
BRCA2,XRCC3,0.999
BTG1,PRMT1,0.712
BTG1,FOXO3,0.77
BTK,NFKB1,0.759
BTK,IL2,0.477
BTK,KRAS,0.535
BTK,MDM2,0.525
BTK,VWF,0.479
BTK,CD33,0.471
BTK,CBL,0.851
BTK,STAT3,0.589
BTK,ZAP70,0.731
BTK,TP53,0.654
BTK,KIT,0.524
BTK,STAT5B,0.492
BTK,IL7R,0.422
BTK,TAC1,0.528
BTK,IKZF1,0.618
BTK,GHRL,0.516
BTK,KLRD1,0.548
BTK,STAT5A,0.85
BTK,PAX5,0.493
BTK,TLR9,0.911
BTK,MTOR,0.541
BTK,NRAS,0.463
BTK,PTEN,0.513
BTK,HSPA1B,0.451
BTK,HSPA1A,0.458
BTK,IRF4,0.571
BTK,CRLF2,0.489
BTK,CXCL12,0.505
BTK,LAT2,0.534
BTK,IL6,0.568
BTK,CXCR4,0.609
BTK,TLR6,0.665
BTK,TNF,0.593
BTK,IL10,0.488
BTK,LOC102723407,0.747
BTK,JAK1,0.457
BTK,NOTCH1,0.468
BTK,CTLA4,0.483
BTK,PTPN11,0.516
CASP8,ERCC1,0.544
CASP8,TNFRSF1A,0.998
CASP8,MMP2,0.49
CASP8,NFKB1,0.664
CASP8,IL2,0.491
CASP8,CDKN1B,0.621
CASP8,HSPB1,0.475
CASP8,KRAS,0.48
CASP8,MDM2,0.75
CASP8,RIPK1,0.999
CASP8,CREBBP,0.544
CASP8,EP300,0.589
CASP8,STAT3,0.634
CASP8,RB1,0.508
CASP8,TP53,0.991
CASP8,STAT5B,0.416
CASP8,CXCL8,0.515
CASP8,TERT,0.428
CASP8,CD34,0.499
CASP8,MET,0.587
CASP8,FOXO3,0.493
CASP8,HMGB1,0.496
CASP8,TLR9,0.412
CASP8,CXCR4,0.447
CASP8,NOTCH1,0.498
CASP8,JAK2,0.523
CASP8,NCAM1,0.527
CASP8,CCNA2,0.541
CASP8,IL10,0.558
CASP8,CDKN2A,0.586
CASP8,MTOR,0.611
CASP8,JAK1,0.634
CASP8,PTGS2,0.7
CASP8,RELA,0.704
CASP8,MMP9,0.712
CASP8,IL6,0.739
CASP8,PTEN,0.781
CASP8,CASP8AP2,0.966
CASP8,XIAP,0.97
CASP8,CYLD,0.972
CASP8,TNF,0.999
CASP8,FAS,0.999
CASP8,FASLG,0.999
CBL,TNFRSF1A,0.435
CBL,FLT3,0.852
CBL,MDM2,0.558
CBL,RIPK1,0.453
CBL,CD33,0.736
CBL,STAT5B,0.429
CBL,PICALM,0.526
CBL,NRAS,0.543
CBL,THY1,0.58
CBL,MTRR,0.595
CBL,TNF,0.61
CBL,NOTCH1,0.61
CBL,PTEN,0.687
CBL,FLT1,0.689
CBL,JAK1,0.745
CBL,STAT5A,0.755
CBL,MTR,0.757
CBL,EPS15,0.766
CBL,IL6,0.771
CBL,JAK2,0.79
CBL,STAT3,0.88
CBL,PTPN11,0.951
CBL,KIT,0.957
CBL,MET,0.999
CBL,ZAP70,0.999
CCN2,TIMP1,0.816
CCN2,MMP2,0.839
CCN2,TFPI2,0.407
CCN2,NFKB1,0.457
CCN2,IGFBP2,0.514
CCN2,VWF,0.884
CCN2,TIMP2,0.694
CCN2,EP300,0.462
CCN2,STAT3,0.535
CCN2,TP53,0.555
CCN2,THY1,0.646
CCN2,CXCL8,0.535
CCN2,CD34,0.416
CCN2,COL18A1,0.419
CCN2,MTOR,0.456
CCN2,PTGS2,0.691
CCN2,HSPA1B,0.405
CCN2,PTEN,0.455
CCN2,IL10,0.478
CCN2,CXCL12,0.576
CCN2,NOTCH1,0.598
CCN2,CXCR4,0.669
CCN2,CD9,0.705
CCN2,TNF,0.74
CCN2,IL6,0.771
CCN2,MMP9,0.809
CCNA2,MMP2,0.429
CCNA2,GAR1,0.442
CCNA2,CDKN1B,0.999
CCNA2,KRAS,0.455
CCNA2,MDM2,0.837
CCNA2,CCND2,0.61
CCNA2,CREBBP,0.764
CCNA2,EP300,0.812
CCNA2,STAT3,0.519
CCNA2,NBN,0.596
CCNA2,RB1,0.998
CCNA2,TP53,0.997
CCNA2,CDKN2B,0.519
CCNA2,FANCD2,0.608
CCNA2,NPM1,0.441
CCNA2,PLK1,0.958
CCNA2,TERT,0.68
CCNA2,TYMS,0.865
CCNA2,EZH2,0.649
CCNA2,FOXO3,0.564
CCNA2,GATA2,0.428
CCNA2,DNMT1,0.511
CCNA2,MTOR,0.442
CCNA2,PTGS2,0.424
CCNA2,XIAP,0.426
CCNA2,PTEN,0.511
CCNA2,MMP9,0.497
CCNA2,RAD50,0.527
CCNA2,IL6,0.4
CCNA2,DHFR,0.612
CCNA2,TNF,0.417
CCNA2,TOP2A,0.982
CCNA2,CDKN2A,0.696
CCNA2,RAD51,0.791
CCND2,TNFRSF1A,0.407
CCND2,NFKB1,0.402
CCND2,CDKN1B,0.999
CCND2,KRAS,0.687
CCND2,MDM2,0.492
CCND2,RELA,0.411
CCND2,MMP9,0.412
CCND2,IRF4,0.417
CCND2,DNMT1,0.433
CCND2,MET,0.434
CCND2,KIT,0.436
CCND2,STAT5B,0.448
CCND2,GSTP1,0.455
CCND2,IL6,0.455
CCND2,STAT5A,0.457
CCND2,EZH2,0.472
CCND2,LOC102723407,0.479
CCND2,NOTCH1,0.493
CCND2,IDH2,0.495
CCND2,TERT,0.5
CCND2,NPM1,0.514
CCND2,TOP2A,0.538
CCND2,STAT3,0.541
CCND2,EP300,0.557
CCND2,PLK1,0.558
CCND2,NRAS,0.622
CCND2,TP53,0.641
CCND2,RUNX1,0.69
CCND2,PTEN,0.706
CCND2,JAK2,0.711
CCND2,CDKN2B,0.962
CCND2,RB1,0.988
CCND2,CDKN2A,0.99
CD33,MPO,0.751
CD33,IL2,0.737
CD33,FLT3,0.73
CD33,ZAP70,0.404
CD33,STAT5B,0.407
CD33,IKZF1,0.412
CD33,KLRD1,0.415
CD33,DNMT3A,0.416
CD33,STAT5A,0.421
CD33,PAX5,0.422
CD33,CXCL12,0.426
CD33,PRAME,0.428
CD33,ETV6,0.437
CD33,CXCL8,0.439
CD33,TP53,0.442
CD33,LOC102723407,0.447
CD33,CD96,0.452
CD33,JAK2,0.454
CD33,S100A9,0.456
CD33,HLA-DRB1,0.457
CD33,THBD,0.458
CD33,KMT2A,0.462
CD33,CEBPA,0.464
CD33,STAT3,0.471
CD33,WT1,0.479
CD33,HLA-A,0.481
CD33,CD9,0.496
CD33,IDH1,0.501
CD33,IDO1,0.508
CD33,PROM1,0.511
CD33,IDH2,0.513
CD33,CXCR4,0.541
CD33,TNF,0.568
CD33,THY1,0.579
CD33,CTLA4,0.584
CD33,RUNX1,0.594
CD33,IL10,0.595
CD33,NPM1,0.597
CD33,IL6,0.606
CD33,IL7R,0.655
CD33,LEP,0.752
CD33,PICALM,0.756
CD33,MME,0.778
CD33,IL15,0.807
CD33,IL3RA,0.819
CD33,PTPN11,0.863
CD33,NCAM1,0.865
CD33,KIT,0.898
CD33,CD34,0.951
CD34,TIMP1,0.539
CD34,MMP2,0.682
CD34,MPO,0.735
CD34,NFKB1,0.454
CD34,IL2,0.63
CD34,FLT3,0.88
CD34,KRAS,0.447
CD34,MDM2,0.514
CD34,VWF,0.849
CD34,FLT4,0.652
CD34,TIMP2,0.558
CD34,TCF3,0.436
CD34,STAT3,0.614
CD34,MECOM,0.61
CD34,DNMT3A,0.558
CD34,TP53,0.7
CD34,FLT1,0.754
CD34,THY1,0.915
CD34,KIT,0.956
CD34,STAT5B,0.593
CD34,GFI1,0.431
CD34,IL15,0.608
CD34,NPM1,0.746
CD34,NOS3,0.489
CD34,RUNX1,0.724
CD34,IL7R,0.68
CD34,CXCL8,0.591
CD34,TERT,0.501
CD34,CXCR3,0.409
CD34,PTPN11,0.419
CD34,MTOR,0.42
CD34,LEP,0.421
CD34,PBX1,0.428
CD34,NUP98,0.436
CD34,FAS,0.437
CD34,CTLA4,0.447
CD34,TAC1,0.459
CD34,KMT2A,0.464
CD34,IDH2,0.474
CD34,MET,0.474
CD34,IKZF1,0.474
CD34,NRAS,0.476
CD34,TET1,0.48
CD34,EZH2,0.491
CD34,PTEN,0.495
CD34,KLRD1,0.511
CD34,THBD,0.518
CD34,CDKN2A,0.54
CD34,IDH1,0.541
CD34,LOC102723407,0.552
CD34,ETV6,0.553
CD34,IDO1,0.566
CD34,STAT5A,0.608
CD34,PAX5,0.612
CD34,NOTCH1,0.613
CD34,CEBPA,0.616
CD34,HLA-A,0.618
CD34,JAK2,0.625
CD34,PTGS2,0.635
CD34,FASLG,0.637
CD34,ENO2,0.643
CD34,WT1,0.66
CD34,CD9,0.674
CD34,MMP9,0.71
CD34,TNF,0.712
CD34,IL10,0.718
CD34,GATA2,0.757
CD34,IL3RA,0.785
CD34,CXCR4,0.815
CD34,NCAM1,0.821
CD34,IL6,0.83
CD34,MME,0.841
CD34,CXCL12,0.856
CD34,PROM1,0.928
CD9,TNFRSF1A,0.542
CD9,MMP2,0.412
CD9,VWF,0.614
CD9,FLT4,0.453
CD9,STAT3,0.45
CD9,TP53,0.4
CD9,THY1,0.678
CD9,KIT,0.693
CD9,MET,0.492
CD9,NRAS,0.422
CD9,PTEN,0.436
CD9,MMP9,0.48
CD9,CXCL12,0.416
CD9,NOTCH1,0.454
CD9,HLA-A,0.466
CD9,PROM1,0.48
CD9,IL10,0.499
CD9,LOC102723407,0.503
CD9,CXCR4,0.509
CD9,IL6,0.54
CD9,TNF,0.541
CD9,NCAM1,0.571
CD9,MME,0.867
CD96,ZAP70,0.489
CD96,IDO1,0.409
CD96,IL7R,0.412
CD96,HSPA1B,0.415
CD96,NCAM1,0.42
CD96,IL3RA,0.509
CD96,IL15,0.606
CD96,KLRD1,0.672
CD96,CTLA4,0.764
CDKN1B,MIF,0.438
CDKN1B,NFKB1,0.443
CDKN1B,FASLG,0.408
CDKN1B,TIMP2,0.413
CDKN1B,TNF,0.425
CDKN1B,RUNX1,0.428
CDKN1B,MMP9,0.429
CDKN1B,IL6,0.434
CDKN1B,KIT,0.452
CDKN1B,NRAS,0.456
CDKN1B,KMT2A,0.465
CDKN1B,NOTCH1,0.478
CDKN1B,STAT5B,0.509
CDKN1B,KRAS,0.529
CDKN1B,MTOR,0.533
CDKN1B,STAT3,0.541
CDKN1B,CXCR4,0.544
CDKN1B,XIAP,0.566
CDKN1B,ETV6,0.567
CDKN1B,MDM2,0.587
CDKN1B,PAX5,0.605
CDKN1B,EZH2,0.609
CDKN1B,EP300,0.642
CDKN1B,JAK2,0.725
CDKN1B,RB1,0.818
CDKN1B,FLT3,0.823
CDKN1B,PTEN,0.834
CDKN1B,CDKN2B,0.859
CDKN1B,CDKN2A,0.93
CDKN1B,FOXO3,0.98
CDKN1B,TP53,0.991
CDKN2A,ERCC1,0.474
CDKN2A,MMP2,0.474
CDKN2A,TFPI2,0.4
CDKN2A,NFKB1,0.571
CDKN2A,IL2,0.401
CDKN2A,FLT3,0.725
CDKN2A,SOX4,0.635
CDKN2A,KRAS,0.992
CDKN2A,MDM2,0.999
CDKN2A,YY1,0.559
CDKN2A,CREBBP,0.751
CDKN2A,EP300,0.859
CDKN2A,STAT3,0.617
CDKN2A,DNMT3A,0.637
CDKN2A,RB1,0.843
CDKN2A,TP53,0.999
CDKN2A,CDKN2B,0.951
CDKN2A,KIT,0.669
CDKN2A,STAT5B,0.408
CDKN2A,TLX3,0.605
CDKN2A,NPM1,0.999
CDKN2A,PLK1,0.48
CDKN2A,RUNX1,0.698
CDKN2A,CXCL8,0.514
CDKN2A,TERT,0.817
CDKN2A,TYMS,0.402
CDKN2A,MET,0.562
CDKN2A,EZH2,0.813
CDKN2A,DNMT3B,0.727
CDKN2A,IKZF1,0.607
CDKN2A,IDH2,0.658
CDKN2A,FOXO3,0.76
CDKN2A,STAT5A,0.421
CDKN2A,HMGB1,0.543
CDKN2A,PAX5,0.594
CDKN2A,DNMT1,0.703
CDKN2A,MTOR,0.615
CDKN2A,PTGS2,0.482
CDKN2A,S100A8,0.531
CDKN2A,NRAS,0.984
CDKN2A,RPL5,0.586
CDKN2A,XIAP,0.545
CDKN2A,PTEN,0.923
CDKN2A,MMP9,0.513
CDKN2A,TET1,0.453
CDKN2A,MTHFR,0.423
CDKN2A,WT1,0.623
CDKN2A,CDX2,0.506
CDKN2A,P2RY8,0.43
CDKN2A,CRLF2,0.418
CDKN2A,JAK2,0.599
CDKN2A,CXCL12,0.432
CDKN2A,ETV6,0.601
CDKN2A,GSTP1,0.669
CDKN2A,RELA,0.851
CDKN2A,IL6,0.621
CDKN2A,CXCR4,0.432
CDKN2A,IDH1,0.744
CDKN2A,NSD1,0.484
CDKN2A,TNF,0.572
CDKN2A,TOP2A,0.661
CDKN2A,IL10,0.428
CDKN2A,MME,0.454
CDKN2A,NCAM1,0.436
CDKN2A,RAD51,0.444
CDKN2A,PROM1,0.447
CDKN2A,CEBPA,0.46
CDKN2A,JAK1,0.462
CDKN2A,MUTYH,0.477
CDKN2A,CTLA4,0.507
CDKN2A,KMT2A,0.513
CDKN2A,XRCC3,0.528
CDKN2A,JAK3,0.533
CDKN2A,PRAME,0.549
CDKN2A,FBXW7,0.663
CDKN2A,PTPN11,0.665
CDKN2A,LOC102723407,0.717
CDKN2A,NOTCH1,0.723
CDKN2A,CTCF,0.794
CDKN2B,TNFRSF1A,0.4
CDKN2B,KRAS,0.554
CDKN2B,MDM2,0.72
CDKN2B,EP300,0.431
CDKN2B,MECOM,0.475
CDKN2B,DNMT3A,0.5
CDKN2B,RB1,0.51
CDKN2B,TP53,0.86
CDKN2B,MET,0.403
CDKN2B,RUNX1,0.425
CDKN2B,GSTP1,0.444
CDKN2B,PAX5,0.449
CDKN2B,DNMT3B,0.45
CDKN2B,IDH2,0.458
CDKN2B,ETV6,0.48
CDKN2B,NRAS,0.496
CDKN2B,IKZF1,0.502
CDKN2B,DNMT1,0.519
CDKN2B,IDH1,0.53
CDKN2B,EZH2,0.614
CDKN2B,PTEN,0.626
CDKN2B,TERT,0.652
CDX2,NFKB1,0.623
CDX2,KRAS,0.587
CDX2,EP300,0.423
CDX2,TP53,0.603
CDX2,KIT,0.436
CDX2,EZH2,0.439
CDX2,GATA2,0.493
CDX2,DNMT1,0.426
CDX2,PTEN,0.631
CDX2,WT1,0.583
CDX2,FBXW7,0.426
CDX2,ENO2,0.43
CDX2,NCAM1,0.508
CDX2,MME,0.543
CDX2,RELA,0.561
CDX2,PBX1,0.581
CEBPA,CEBPE,0.893
CEBPA,MPO,0.458
CEBPA,NFKB1,0.608
CEBPA,NR3C1,0.758
CEBPA,FLT3,0.981
CEBPA,KRAS,0.523
CEBPA,YY1,0.513
CEBPA,CREBBP,0.711
CEBPA,TCF3,0.643
CEBPA,EP300,0.902
CEBPA,STAT3,0.875
CEBPA,MECOM,0.66
CEBPA,DNMT3A,0.718
CEBPA,RB1,0.436
CEBPA,TP53,0.93
CEBPA,PRDM16,0.77
CEBPA,KIT,0.691
CEBPA,STAT5B,0.521
CEBPA,GFI1,0.899
CEBPA,NPM1,0.813
CEBPA,RUNX1,0.994
CEBPA,CXCL8,0.608
CEBPA,LEP,0.943
CEBPA,NQO1,0.509
CEBPA,EZH2,0.578
CEBPA,IKZF1,0.573
CEBPA,IDH2,0.673
CEBPA,FOXO3,0.669
CEBPA,STAT5A,0.542
CEBPA,GATA2,0.939
CEBPA,PAX5,0.698
CEBPA,DNMT1,0.679
CEBPA,NRAS,0.621
CEBPA,PTEN,0.463
CEBPA,CXCR3,0.471
CEBPA,WT1,0.685
CEBPA,JAK2,0.55
CEBPA,ERCC2,0.414
CEBPA,ETV6,0.719
CEBPA,RELA,0.611
CEBPA,IL6,0.739
CEBPA,IDH1,0.71
CEBPA,TNF,0.926
CEBPA,PBX1,0.421
CEBPA,IL10,0.548
CEBPA,FBXW7,0.441
CEBPA,NOTCH1,0.466
CEBPA,KMT2A,0.52
CEBPA,PTPN11,0.534
CEBPA,ZNF423,0.566
CEBPA,CTCF,0.679
CEBPE,NR3C1,0.41
CEBPE,ETV6,0.414
CEBPE,PAX5,0.418
CEBPE,P2RY8,0.466
CEBPE,IRF4,0.484
CEBPE,GATA2,0.512
CEBPE,EP300,0.543
CEBPE,GFI1,0.638
CEBPE,IKZF1,0.665
CEBPE,RUNX1,0.677
CEBPE,MPO,0.735
CHIT1,MMP9,0.401
CHIT1,HLA-A,0.421
CHIT1,TNF,0.468
CHIT1,IL6,0.477
CHIT1,IL10,0.554
COL18A1,TIMP1,0.541
COL18A1,MMP2,0.96
COL18A1,IGFBP2,0.406
COL18A1,VWF,0.479
COL18A1,FLT4,0.776
COL18A1,TIMP2,0.472
COL18A1,FLT1,0.741
COL18A1,CXCL8,0.638
COL18A1,IL6,0.419
COL18A1,TNF,0.443
COL18A1,CXCL12,0.444
COL18A1,MMP9,0.92
CREBBP,TNFRSF1A,0.494
CREBBP,NFKB1,0.913
CREBBP,NR3C1,0.943
CREBBP,FLT3,0.405
CREBBP,SOX4,0.417
CREBBP,KRAS,0.502
CREBBP,MDM2,0.909
CREBBP,YY1,0.951
CREBBP,MLLT10,0.403
CREBBP,MTOR,0.412
CREBBP,KMT5A,0.414
CREBBP,IL6,0.416
CREBBP,JAK3,0.419
CREBBP,LOC102723407,0.424
CREBBP,TNF,0.431
CREBBP,JAK2,0.451
CREBBP,NRAS,0.454
CREBBP,IRF4,0.463
CREBBP,PAX5,0.464
CREBBP,HSPA1A,0.467
CREBBP,IKZF1,0.47
CREBBP,ETV6,0.472
CREBBP,JAK1,0.472
CREBBP,HSPA1B,0.477
CREBBP,CYP1A1,0.481
CREBBP,DNMT1,0.482
CREBBP,MECOM,0.51
CREBBP,DNMT3A,0.525
CREBBP,SET,0.528
CREBBP,CXCL8,0.533
CREBBP,PBX1,0.539
CREBBP,RB1,0.545
CREBBP,PTEN,0.552
CREBBP,GATA2,0.555
CREBBP,DDX3X,0.563
CREBBP,LEP,0.577
CREBBP,NQO1,0.607
CREBBP,NSD1,0.616
CREBBP,HMGB1,0.635
CREBBP,CTCF,0.653
CREBBP,FBXW7,0.728
CREBBP,HDAC4,0.745
CREBBP,PRMT1,0.778
CREBBP,NOTCH1,0.783
CREBBP,NUP98,0.815
CREBBP,EZH2,0.818
CREBBP,TCF3,0.917
CREBBP,STAT5B,0.934
CREBBP,STAT3,0.935
CREBBP,STAT5A,0.975
CREBBP,RUNX1,0.977
CREBBP,FOXO3,0.995
CREBBP,KMT2A,0.995
CREBBP,RELA,0.999
CREBBP,TP53,0.999
CREBBP,EP300,0.999
CRLF2,IL2,0.781
CRLF2,FLT3,0.67
CRLF2,STAT3,0.66
CRLF2,STAT5B,0.723
CRLF2,IL15,0.752
CRLF2,TLX3,0.552
CRLF2,RUNX1,0.584
CRLF2,IL7R,0.999
CRLF2,CXCL8,0.437
CRLF2,LEP,0.65
CRLF2,TAC1,0.436
CRLF2,IL3RA,0.737
CRLF2,IKZF1,0.715
CRLF2,STAT5A,0.718
CRLF2,PAX5,0.614
CRLF2,P2RY8,0.953
CRLF2,KMT2A,0.541
CRLF2,PBX1,0.581
CRLF2,LOC102723407,0.597
CRLF2,ETV6,0.693
CRLF2,IL6,0.764
CRLF2,IL10,0.782
CRLF2,JAK3,0.839
CRLF2,JAK1,0.917
CRLF2,JAK2,0.981
CTCF,NFKB1,0.436
CTCF,NR3C1,0.608
CTCF,KRAS,0.461
CTCF,YY1,0.991
CTCF,TCF3,0.467
CTCF,EP300,0.959
CTCF,STAT3,0.464
CTCF,DNMT3A,0.604
CTCF,TP53,0.83
CTCF,NPM1,0.975
CTCF,RUNX1,0.564
CTCF,TERT,0.464
CTCF,NUP98,0.527
CTCF,EZH2,0.916
CTCF,DNMT3B,0.529
CTCF,IKZF1,0.471
CTCF,STAT5A,0.497
CTCF,GATA2,0.545
CTCF,PAX5,0.555
CTCF,DNMT1,0.778
CTCF,RPL5,0.525
CTCF,PTEN,0.409
CTCF,SET,0.403
CTCF,TET1,0.524
CTCF,ZFX,0.551
CTCF,IRF4,0.437
CTCF,RELA,0.407
CTCF,NSD1,0.514
CTCF,TOP2A,0.753
CTCF,RPL10,0.515
CTCF,KMT2A,0.426
CTCF,FBXW7,0.482
CTCF,LOC102723407,0.543
CTCF,RAD51,0.652
CTCF,DDX3X,0.41
CTLA4,TNFRSF1A,0.542
CTLA4,TIMP1,0.456
CTLA4,MMP2,0.539
CTLA4,NFKB1,0.565
CTLA4,IL2,0.943
CTLA4,FLT3,0.421
CTLA4,KRAS,0.625
CTLA4,STAT3,0.674
CTLA4,ZAP70,0.77
CTLA4,TP53,0.648
CTLA4,FLT1,0.433
CTLA4,THY1,0.414
CTLA4,KIT,0.678
CTLA4,STAT5B,0.744
CTLA4,IL15,0.677
CTLA4,RUNX1,0.844
CTLA4,IL7R,0.771
CTLA4,CXCL8,0.598
CTLA4,TERT,0.435
CTLA4,LEP,0.539
CTLA4,MET,0.471
CTLA4,EZH2,0.442
CTLA4,IL3RA,0.472
CTLA4,IKZF1,0.47
CTLA4,KLRD1,0.738
CTLA4,STAT5A,0.75
CTLA4,HMGB1,0.503
CTLA4,DNMT1,0.407
CTLA4,HLA-DRB1,0.746
CTLA4,TLR9,0.591
CTLA4,MTOR,0.577
CTLA4,PTGS2,0.427
CTLA4,FASLG,0.833
CTLA4,NRAS,0.59
CTLA4,PTEN,0.607
CTLA4,MMP9,0.642
CTLA4,CXCR3,0.737
CTLA4,IRF4,0.657
CTLA4,JAK2,0.648
CTLA4,CXCL12,0.582
CTLA4,HLA-A,0.629
CTLA4,RELA,0.472
CTLA4,IL6,0.815
CTLA4,CXCR4,0.607
CTLA4,IDH1,0.435
CTLA4,HLA-DPA1,0.429
CTLA4,TNF,0.873
CTLA4,IL10,0.922
CTLA4,IDO1,0.91
CTLA4,JAK3,0.771
CTLA4,LOC102723407,0.93
CTLA4,NCAM1,0.636
CTLA4,PTPN11,0.991
CTLA4,JAK1,0.548
CTLA4,NOTCH1,0.55
CTLA4,FAS,0.581
CXCL12,TNFRSF1A,0.403
CXCL12,MIF,0.737
CXCL12,TIMP1,0.737
CXCL12,MMP2,0.762
CXCL12,NFKB1,0.564
CXCL12,IL2,0.619
CXCL12,IGFBP2,0.41
CXCL12,FLT3,0.496
CXCL12,KRAS,0.447
CXCL12,IL1RN,0.679
CXCL12,VWF,0.583
CXCL12,FLT4,0.676
CXCL12,TIMP2,0.45
CXCL12,STAT3,0.684
CXCL12,TP53,0.582
CXCL12,FLT1,0.8
CXCL12,THY1,0.673
CXCL12,KIT,0.974
CXCL12,STAT5B,0.414
CXCL12,IL15,0.601
CXCL12,NOS3,0.471
CXCL12,IL7R,0.427
CXCL12,CXCL8,0.951
CXCL12,LEP,0.44
CXCL12,MET,0.902
CXCL12,LEPR,0.633
CXCL12,STAT5A,0.439
CXCL12,HMGB1,0.984
CXCL12,TLR9,0.634
CXCL12,MTOR,0.439
CXCL12,PTGS2,0.534
CXCL12,FASLG,0.476
CXCL12,PTEN,0.646
CXCL12,MMP9,0.891
CXCL12,CXCR3,0.998
CXCL12,JAK2,0.541
CXCL12,JAK1,0.423
CXCL12,PTPN11,0.491
CXCL12,NOTCH1,0.503
CXCL12,IDO1,0.604
CXCL12,PROM1,0.647
CXCL12,NCAM1,0.695
CXCL12,IL10,0.725
CXCL12,TNF,0.75
CXCL12,IL6,0.811
CXCL12,CXCR4,0.999
CXCL8,TNFRSF1A,0.782
CXCL8,MIF,0.652
CXCL8,TIMP1,0.78
CXCL8,MMP2,0.814
CXCL8,MPO,0.733
CXCL8,NFKB1,0.988
CXCL8,IL2,0.985
CXCL8,NR3C1,0.457
CXCL8,IGFBP2,0.581
CXCL8,KRAS,0.448
CXCL8,IL1RN,0.926
CXCL8,VWF,0.962
CXCL8,TIMP2,0.648
CXCL8,EP300,0.553
CXCL8,STAT3,0.857
CXCL8,TP53,0.804
CXCL8,FLT1,0.851
CXCL8,THY1,0.472
CXCL8,KIT,0.447
CXCL8,STAT5B,0.441
CXCL8,IL15,0.798
CXCL8,NOS3,0.507
CXCL8,IL7R,0.517
CXCL8,PYY,0.404
CXCL8,FOXO3,0.406
CXCL8,IL3RA,0.409
CXCL8,HLA-A,0.412
CXCL8,PROM1,0.447
CXCL8,FAS,0.453
CXCL8,STAT5A,0.471
CXCL8,MTOR,0.507
CXCL8,S100A9,0.511
CXCL8,PTEN,0.518
CXCL8,TAC1,0.521
CXCL8,NCAM1,0.577
CXCL8,THBD,0.581
CXCL8,FASLG,0.583
CXCL8,HSPA1A,0.589
CXCL8,HMGB1,0.61
CXCL8,IDO1,0.61
CXCL8,CYP1A1,0.624
CXCL8,MET,0.641
CXCL8,HSPA1B,0.645
CXCL8,LEP,0.659
CXCL8,JAK1,0.687
CXCL8,TLR6,0.745
CXCL8,JAK2,0.758
CXCL8,S100A8,0.763
CXCL8,TLR9,0.776
CXCL8,MMP9,0.88
CXCL8,IL10,0.97
CXCL8,PTGS2,0.975
CXCL8,TNF,0.983
CXCL8,IL6,0.991
CXCL8,RELA,0.995
CXCL8,CXCR4,0.997
CXCL8,CXCR3,0.997
CXCR3,TNFRSF1A,0.489
CXCR3,MIF,0.599
CXCR3,TIMP1,0.5
CXCR3,NFKB1,0.402
CXCR3,IL2,0.721
CXCR3,STAT3,0.526
CXCR3,ZAP70,0.593
CXCR3,FLT1,0.491
CXCR3,STAT5B,0.41
CXCR3,IL15,0.626
CXCR3,IL7R,0.733
CXCR3,IL3RA,0.465
CXCR3,KLRD1,0.52
CXCR3,STAT5A,0.442
CXCR3,TLR9,0.501
CXCR3,FASLG,0.652
CXCR3,MMP9,0.454
CXCR3,IDO1,0.516
CXCR3,IRF4,0.553
CXCR3,FAS,0.572
CXCR3,NCAM1,0.626
CXCR3,JAK3,0.746
CXCR3,JAK2,0.754
CXCR3,IL6,0.759
CXCR3,IL10,0.804
CXCR3,TNF,0.817
CXCR3,CXCR4,0.969
CXCR4,TNFRSF1A,0.438
CXCR4,MIF,0.991
CXCR4,TIMP1,0.452
CXCR4,MMP2,0.61
CXCR4,MPO,0.423
CXCR4,NFKB1,0.734
CXCR4,IL2,0.68
CXCR4,FLT3,0.527
CXCR4,SOX4,0.4
CXCR4,KRAS,0.466
CXCR4,VWF,0.632
CXCR4,FLT4,0.438
CXCR4,STAT3,0.775
CXCR4,ZAP70,0.513
CXCR4,TP53,0.614
CXCR4,FLT1,0.702
CXCR4,THY1,0.633
CXCR4,KIT,0.833
CXCR4,STAT5B,0.448
CXCR4,IL15,0.55
CXCR4,NOS3,0.424
CXCR4,RUNX1,0.422
CXCR4,IL7R,0.589
CXCR4,MET,0.797
CXCR4,EZH2,0.414
CXCR4,IL3RA,0.461
CXCR4,DNMT3B,0.55
CXCR4,IKZF1,0.415
CXCR4,STAT5A,0.483
CXCR4,HMGB1,0.932
CXCR4,GATA2,0.408
CXCR4,PYY,0.489
CXCR4,TLR9,0.501
CXCR4,MTOR,0.501
CXCR4,PTGS2,0.575
CXCR4,FASLG,0.477
CXCR4,PTEN,0.58
CXCR4,MMP9,0.844
CXCR4,PSIP1,0.456
CXCR4,IRF4,0.508
CXCR4,JAK2,0.874
CXCR4,RELA,0.585
CXCR4,IL6,0.921
CXCR4,MME,0.434
CXCR4,LOC102723407,0.479
CXCR4,JAK1,0.481
CXCR4,PTPN11,0.51
CXCR4,FAS,0.512
CXCR4,IDO1,0.573
CXCR4,NOTCH1,0.597
CXCR4,NCAM1,0.602
CXCR4,IL10,0.68
CXCR4,PROM1,0.728
CXCR4,TNF,0.814
CXCR4,JAK3,0.914
CYBA,TNFRSF1A,0.515
CYBA,MMP2,0.949
CYBA,MPO,0.495
CYBA,MECOM,0.424
CYBA,PRDM16,0.441
CYBA,S100A8,0.511
CYBA,IL6,0.522
CYBA,TNF,0.53
CYBA,S100A9,0.543
CYBA,NOS3,0.609
CYBA,MMP9,0.941
CYLD,TNFRSF1A,0.999
CYLD,NFKB1,0.725
CYLD,RIPK1,0.999
CYLD,STAT3,0.656
CYLD,TP53,0.717
CYLD,PLK1,0.594
CYLD,XIAP,0.709
CYLD,PTEN,0.492
CYLD,RELA,0.536
CYLD,FBXW7,0.515
CYLD,TNF,0.985
CYP1A1,CYP3A5,0.971
CYP1A1,NR3C1,0.589
CYP1A1,SLCO1B1,0.484
CYP1A1,XRCC1,0.507
CYP1A1,TP53,0.697
CYP1A1,UGT1A1,0.985
CYP1A1,OGG1,0.456
CYP1A1,SLC19A1,0.426
CYP1A1,GSTM1,0.991
CYP1A1,TPMT,0.449
CYP1A1,NQO1,0.746
CYP1A1,GSTO2,0.921
CYP1A1,PTGS2,0.494
CYP1A1,GSTO1,0.925
CYP1A1,HSPA1B,0.464
CYP1A1,HSPA1A,0.446
CYP1A1,MTHFR,0.513
CYP1A1,ERCC2,0.461
CYP1A1,TNF,0.465
CYP1A1,IL6,0.528
CYP1A1,CYP2E1,0.939
CYP1A1,IDO1,0.944
CYP1A1,GSTP1,0.974
CYP1A1,EPHX1,0.985
CYP2E1,CYP3A5,0.83
CYP2E1,MPO,0.415
CYP2E1,SLCO1B1,0.549
CYP2E1,XRCC1,0.446
CYP2E1,TP53,0.451
CYP2E1,UGT1A1,0.97
CYP2E1,SLC19A1,0.411
CYP2E1,GSTM1,0.976
CYP2E1,TPMT,0.433
CYP2E1,LEP,0.63
CYP2E1,NQO1,0.583
CYP2E1,GSTO2,0.921
CYP2E1,PTGS2,0.943
CYP2E1,GSTO1,0.926
CYP2E1,MTHFR,0.415
CYP2E1,GSTP1,0.979
CYP2E1,IL6,0.561
CYP2E1,TNF,0.729
CYP2E1,IL10,0.511
CYP2E1,MUTYH,0.461
CYP2E1,EPHX1,0.971
CYP3A5,MTR,0.406
CYP3A5,MTHFR,0.47
CYP3A5,NUDT15,0.506
CYP3A5,MTRR,0.607
CYP3A5,GSTO1,0.692
CYP3A5,GSTO2,0.716
CYP3A5,TPMT,0.757
CYP3A5,SLCO1B1,0.799
CYP3A5,GSTP1,0.842
CYP3A5,GSTM1,0.852
CYP3A5,EPHX1,0.946
CYP3A5,UGT1A1,0.974
DCK,TP53,0.4
DCK,GSTP1,0.421
DCK,DHFR,0.655
DCK,TYMS,0.874
DCX,PROM1,0.407
DCX,ENO2,0.406
DCX,NCAM1,0.675
DDX3X,KRAS,0.405
DDX3X,SRSF1,0.57
DDX3X,YY1,0.685
DDX3X,EP300,0.58
DDX3X,TP53,0.75
DDX3X,NPM1,0.531
DDX3X,MLLT10,0.478
DDX3X,NUP98,0.428
DDX3X,HNRNPH1,0.721
DDX3X,ZFX,0.605
DDX3X,RELA,0.526
DDX3X,NSD1,0.407
DDX3X,FBXW7,0.545
DDX3X,NOTCH1,0.421
DHFR,IL2,0.455
DHFR,NR3C1,0.524
DHFR,KRAS,0.423
DHFR,MDM2,0.568
DHFR,TP53,0.785
DHFR,NOS3,0.446
DHFR,SLC19A1,0.729
DHFR,TPMT,0.48
DHFR,TYMS,0.999
DHFR,MTR,0.978
DHFR,PTGS2,0.489
DHFR,MTHFR,0.843
DHFR,RAD51,0.489
DHFR,TOP2A,0.639
DHFR,MTRR,0.695
DHFR,MTHFD1,0.99
DNMT1,NFKB1,0.51
DNMT1,NR3C1,0.622
DNMT1,KRAS,0.517
DNMT1,MDM2,0.66
DNMT1,YY1,0.68
DNMT1,TIMP2,0.412
DNMT1,XRCC1,0.485
DNMT1,TCF3,0.724
DNMT1,EP300,0.625
DNMT1,HDAC4,0.759
DNMT1,STAT3,0.957
DNMT1,DNMT3A,0.999
DNMT1,RB1,0.765
DNMT1,TP53,0.997
DNMT1,RUNX1,0.743
DNMT1,OGG1,0.427
DNMT1,TERT,0.53
DNMT1,TYMS,0.481
DNMT1,EZH2,0.999
DNMT1,DNMT3B,0.999
DNMT1,IDH2,0.49
DNMT1,FOXO3,0.418
DNMT1,NOTCH1,0.408
DNMT1,IL10,0.412
DNMT1,NSD1,0.431
DNMT1,MMP9,0.439
DNMT1,RAD51,0.445
DNMT1,TOP2A,0.447
DNMT1,FBXW7,0.449
DNMT1,MTOR,0.473
DNMT1,TNF,0.474
DNMT1,KMT5A,0.476
DNMT1,PRMT1,0.478
DNMT1,JAK2,0.48
DNMT1,PBX1,0.497
DNMT1,MTR,0.499
DNMT1,MTHFR,0.509
DNMT1,IDH1,0.514
DNMT1,IL6,0.528
DNMT1,GSTP1,0.542
DNMT1,PTEN,0.602
DNMT1,RELA,0.602
DNMT1,TRDMT1,0.602
DNMT1,WT1,0.722
DNMT1,TET1,0.902
DNMT3A,NFKB1,0.421
DNMT3A,IL2,0.488
DNMT3A,NR3C1,0.457
DNMT3A,FLT3,0.851
DNMT3A,KRAS,0.664
DNMT3A,MDM2,0.407
DNMT3A,YY1,0.437
DNMT3A,EP300,0.583
DNMT3A,HDAC4,0.541
DNMT3A,STAT3,0.668
DNMT3A,JAK1,0.402
DNMT3A,STAT5A,0.404
DNMT3A,FBXW7,0.41
DNMT3A,MTHFR,0.41
DNMT3A,NUP98,0.416
DNMT3A,PRMT1,0.419
DNMT3A,IL6,0.435
DNMT3A,STAT5B,0.437
DNMT3A,JAK3,0.439
DNMT3A,GSTP1,0.446
DNMT3A,TERT,0.475
DNMT3A,IKZF1,0.515
DNMT3A,PBX1,0.526
DNMT3A,NOTCH1,0.542
DNMT3A,PTPN11,0.585
DNMT3A,NSD1,0.587
DNMT3A,PTEN,0.592
DNMT3A,ETV6,0.627
DNMT3A,KIT,0.634
DNMT3A,RB1,0.651
DNMT3A,WT1,0.676
DNMT3A,JAK2,0.695
DNMT3A,GATA2,0.731
DNMT3A,NRAS,0.732
DNMT3A,KMT2A,0.746
DNMT3A,RUNX1,0.777
DNMT3A,IDH2,0.793
DNMT3A,NPM1,0.794
DNMT3A,IDH1,0.797
DNMT3A,TP53,0.835
DNMT3A,TET1,0.886
DNMT3A,TRDMT1,0.926
DNMT3A,DNMT3B,0.998
DNMT3A,EZH2,0.999
DNMT3B,TCF3,0.524
DNMT3B,EP300,0.496
DNMT3B,HDAC4,0.702
DNMT3B,STAT3,0.689
DNMT3B,TP53,0.591
DNMT3B,TERT,0.478
DNMT3B,EZH2,0.999
DNMT3B,RELA,0.404
DNMT3B,IL6,0.405
DNMT3B,IDH2,0.416
DNMT3B,GSTP1,0.455
DNMT3B,IDH1,0.466
DNMT3B,MTHFR,0.475
DNMT3B,PTEN,0.482
DNMT3B,NSD1,0.486
DNMT3B,PRMT1,0.491
DNMT3B,TET1,0.831
DNMT3B,TRDMT1,0.933
ENO2,TP53,0.578
ENO2,THY1,0.61
ENO2,KIT,0.584
ENO2,TAC1,0.547
ENO2,IDH2,0.505
ENO2,RPL5,0.488
ENO2,HSPA1B,0.625
ENO2,HSPA1A,0.606
ENO2,WT1,0.519
ENO2,IL6,0.511
ENO2,IDH1,0.707
ENO2,TNF,0.434
ENO2,MME,0.613
ENO2,NCAM1,0.794
EP300,TNFRSF1A,0.53
EP300,NFKB1,0.998
EP300,NR3C1,0.914
EP300,SOX4,0.455
EP300,KRAS,0.757
EP300,MDM2,0.999
EP300,SRSF1,0.55
EP300,YY1,0.999
EP300,XRCC1,0.555
EP300,TCF3,0.941
EP300,TERT,0.401
EP300,KMT5A,0.407
EP300,IKZF1,0.437
EP300,JAK2,0.456
EP300,JAK1,0.456
EP300,HMGB1,0.456
EP300,IL6,0.48
EP300,TET1,0.523
EP300,RAD51,0.533
EP300,HSPA1A,0.583
EP300,LEP,0.595
EP300,PTEN,0.596
EP300,NRAS,0.596
EP300,HSPA1B,0.604
EP300,NQO1,0.61
EP300,TNF,0.638
EP300,MTOR,0.638
EP300,NSD1,0.649
EP300,PLK1,0.654
EP300,PBX1,0.68
EP300,PTGS2,0.692
EP300,PAX5,0.694
EP300,NUP98,0.709
EP300,IRF4,0.715
EP300,FBXW7,0.755
EP300,GATA2,0.766
EP300,NPM1,0.788
EP300,RB1,0.808
EP300,KMT2A,0.831
EP300,HDAC4,0.887
EP300,STAT5B,0.907
EP300,NOTCH1,0.94
EP300,STAT5A,0.946
EP300,EZH2,0.963
EP300,RUNX1,0.989
EP300,FOXO3,0.991
EP300,PRMT1,0.994
EP300,RELA,0.999
EP300,STAT3,0.999
EP300,TP53,0.999
EPHX1,XRCC1,0.45
EPHX1,UGT1A1,0.446
EPHX1,GSTM1,0.985
EPHX1,TPMT,0.409
EPHX1,NQO1,0.793
EPHX1,GSTO2,0.928
EPHX1,GSTO1,0.938
EPHX1,MTHFR,0.623
EPHX1,ERCC2,0.447
EPHX1,GSTP1,0.989
EPS15,MDM2,0.498
EPS15,STAT3,0.504
EPS15,ZAP70,0.551
EPS15,MLLT10,0.438
EPS15,MET,0.584
EPS15,XIAP,0.405
EPS15,PICALM,0.946
ERCC1,PLK1,0.409
ERCC1,TERT,0.413
ERCC1,UGT1A1,0.418
ERCC1,MUTYH,0.427
ERCC1,PTEN,0.445
ERCC1,TOP2A,0.475
ERCC1,GSTM1,0.481
ERCC1,MTHFR,0.507
ERCC1,KRAS,0.53
ERCC1,MET,0.554
ERCC1,GSTP1,0.603
ERCC1,RAD50,0.639
ERCC1,TP53,0.696
ERCC1,NBN,0.7
ERCC1,TYMS,0.72
ERCC1,OGG1,0.781
ERCC1,SLX4IP,0.842
ERCC1,XRCC3,0.86
ERCC1,RAD51,0.908
ERCC1,FANCD2,0.951
ERCC1,XRCC4,0.962
ERCC1,LIG4,0.966
ERCC1,XRCC1,0.967
ERCC1,ERCC2,0.996
ERCC2,KRAS,0.417
ERCC2,SRSF1,0.504
ERCC2,XRCC1,0.985
ERCC2,TP53,0.804
ERCC2,FANCD2,0.795
ERCC2,OGG1,0.865
ERCC2,TERT,0.638
ERCC2,GSTM1,0.647
ERCC2,TYMS,0.482
ERCC2,MTHFR,0.599
ERCC2,XRCC4,0.573
ERCC2,LIG4,0.606
ERCC2,MUTYH,0.606
ERCC2,GSTP1,0.622
ERCC2,RAD51,0.879
ERCC2,XRCC3,0.897
ETV6,FLT3,0.798
ETV6,KRAS,0.803
ETV6,TCF3,0.583
ETV6,MECOM,0.685
ETV6,TP53,0.597
ETV6,KIT,0.585
ETV6,STAT5B,0.709
ETV6,TLX3,0.482
ETV6,NPM1,0.751
ETV6,RUNX1,0.983
ETV6,IL7R,0.438
ETV6,MLLT10,0.526
ETV6,NUP98,0.669
ETV6,EZH2,0.613
ETV6,IKZF1,0.838
ETV6,IDH2,0.6
ETV6,FOXO3,0.438
ETV6,STAT5A,0.706
ETV6,GATA2,0.687
ETV6,PAX5,0.72
ETV6,NRAS,0.838
ETV6,PTEN,0.453
ETV6,WT1,0.612
ETV6,P2RY8,0.651
ETV6,JAK2,0.811
ETV6,FBXW7,0.435
ETV6,JAK1,0.477
ETV6,MME,0.479
ETV6,JAK3,0.514
ETV6,NOTCH1,0.531
ETV6,PTPN11,0.577
ETV6,LOC102723407,0.581
ETV6,IDH1,0.709
ETV6,KMT2A,0.732
ETV6,PBX1,0.796
EZH2,MMP2,0.443
EZH2,NFKB1,0.695
EZH2,FLT3,0.631
EZH2,SOX4,0.874
EZH2,KRAS,0.673
EZH2,MDM2,0.945
EZH2,YY1,0.998
EZH2,TIMP2,0.434
EZH2,HDAC4,0.739
EZH2,STAT3,0.973
EZH2,MECOM,0.675
EZH2,RB1,0.861
EZH2,TP53,0.899
EZH2,KIT,0.59
EZH2,STAT5B,0.901
EZH2,GFI1,0.647
EZH2,NPM1,0.661
EZH2,PLK1,0.508
EZH2,RUNX1,0.703
EZH2,OGG1,0.423
EZH2,TERT,0.555
EZH2,TYMS,0.532
EZH2,NUP98,0.417
EZH2,MET,0.472
EZH2,NSD1,0.411
EZH2,KMT2A,0.438
EZH2,LOC102723407,0.449
EZH2,FOXO3,0.45
EZH2,JAK1,0.486
EZH2,PROM1,0.489
EZH2,TNF,0.489
EZH2,PAX5,0.494
EZH2,MTOR,0.494
EZH2,IRF4,0.503
EZH2,KMT5A,0.519
EZH2,JAK3,0.548
EZH2,TRDMT1,0.55
EZH2,IKZF1,0.552
EZH2,RAD51,0.566
EZH2,PTPN11,0.58
EZH2,PRAME,0.607
EZH2,GATA2,0.608
EZH2,TOP2A,0.626
EZH2,PBX1,0.64
EZH2,NOTCH1,0.655
EZH2,IL6,0.666
EZH2,MMP9,0.673
EZH2,FBXW7,0.691
EZH2,IDH2,0.708
EZH2,IDH1,0.721
EZH2,PTEN,0.76
EZH2,TET1,0.764
EZH2,JAK2,0.768
EZH2,PRMT1,0.781
EZH2,NRAS,0.811
EZH2,WT1,0.824
EZH2,STAT5A,0.896
EZH2,RELA,0.915
FANCD2,MDM2,0.414
FANCD2,XRCC1,0.663
FANCD2,NBN,0.858
FANCD2,TP53,0.632
FANCD2,RUNX1,0.41
FANCD2,RAD50,0.42
FANCD2,SLX4IP,0.431
FANCD2,NOTCH1,0.498
FANCD2,PLK1,0.538
FANCD2,TOP2A,0.551
FANCD2,XRCC4,0.765
FANCD2,LIG4,0.838
FANCD2,FOXO3,0.9
FANCD2,XRCC3,0.926
FANCD2,RAD51,0.998
FAS,TNFRSF1A,0.999
FAS,NFKB1,0.502
FAS,IL2,0.669
FAS,MDM2,0.428
FAS,RIPK1,0.966
FAS,STAT3,0.49
FAS,ZAP70,0.415
FAS,TP53,0.877
FAS,THY1,0.481
FAS,IL15,0.612
FAS,IL7R,0.703
FAS,IL3RA,0.421
FAS,PAX5,0.547
FAS,TLR9,0.416
FAS,FASLG,0.999
FAS,XIAP,0.695
FAS,IRF4,0.417
FAS,JAK2,0.422
FAS,HLA-A,0.427
FAS,RELA,0.515
FAS,IL6,0.613
FAS,HLA-DPA1,0.423
FAS,TNF,0.997
FAS,IL10,0.59
FAS,IDO1,0.416
FAS,LOC102723407,0.404
FAS,NCAM1,0.542
FASLG,TNFRSF1A,0.998
FASLG,TIMP1,0.41
FASLG,MMP2,0.459
FASLG,MPO,0.404
FASLG,NFKB1,0.684
FASLG,IL2,0.824
FASLG,NR3C1,0.411
FASLG,MDM2,0.413
FASLG,RIPK1,0.799
FASLG,STAT3,0.893
FASLG,ZAP70,0.477
FASLG,TP53,0.718
FASLG,THY1,0.4
FASLG,STAT5B,0.407
FASLG,IL15,0.628
FASLG,IL7R,0.525
FASLG,KLRD1,0.855
FASLG,FOXO3,0.934
FASLG,STAT5A,0.402
FASLG,TNFSF13,0.452
FASLG,HMGB1,0.428
FASLG,TLR9,0.481
FASLG,MTOR,0.419
FASLG,PTGS2,0.447
FASLG,IRF4,0.405
FASLG,RELA,0.409
FASLG,HLA-A,0.418
FASLG,JAK2,0.441
FASLG,PTEN,0.512
FASLG,MMP9,0.562
FASLG,NCAM1,0.59
FASLG,IL6,0.697
FASLG,XIAP,0.738
FASLG,IDO1,0.775
FASLG,IL10,0.885
FASLG,TNF,0.984
FBXW7,NFKB1,0.511
FBXW7,NR3C1,0.419
FBXW7,FLT3,0.58
FBXW7,KRAS,0.768
FBXW7,MDM2,0.688
FBXW7,YY1,0.427
FBXW7,HDAC4,0.441
FBXW7,STAT3,0.794
FBXW7,MECOM,0.404
FBXW7,TP53,0.96
FBXW7,KIT,0.636
FBXW7,GFI1,0.411
FBXW7,TLX3,0.452
FBXW7,NPM1,0.643
FBXW7,PLK1,0.721
FBXW7,RUNX1,0.621
FBXW7,IKZF1,0.458
FBXW7,IDH2,0.508
FBXW7,FOXO3,0.427
FBXW7,GATA2,0.517
FBXW7,MTOR,0.921
FBXW7,NRAS,0.715
FBXW7,PTEN,0.884
FBXW7,WT1,0.442
FBXW7,JAK2,0.529
FBXW7,RELA,0.435
FBXW7,IDH1,0.571
FBXW7,PRMT1,0.533
FBXW7,TOP2A,0.633
FBXW7,XRCC4,0.601
FBXW7,JAK3,0.602
FBXW7,KMT2A,0.675
FBXW7,JAK1,0.581
FBXW7,PTPN11,0.759
FBXW7,NOTCH1,0.995
FLT1,TIMP1,0.445
FLT1,MMP2,0.731
FLT1,IL2,0.598
FLT1,FLT3,0.519
FLT1,KRAS,0.519
FLT1,VWF,0.695
FLT1,FLT4,0.92
FLT1,STAT3,0.734
FLT1,MECOM,0.445
FLT1,TP53,0.696
FLT1,S100A9,0.428
FLT1,THY1,0.431
FLT1,NCAM1,0.464
FLT1,PTGS2,0.469
FLT1,MTOR,0.48
FLT1,RELA,0.48
FLT1,NOTCH1,0.481
FLT1,IL10,0.483
FLT1,PTEN,0.501
FLT1,PROM1,0.505
FLT1,XIAP,0.514
FLT1,NOS3,0.603
FLT1,IL6,0.604
FLT1,TNF,0.61
FLT1,PTPN11,0.775
FLT1,MMP9,0.779
FLT3,MPO,0.567
FLT3,IL2,0.638
FLT3,NR3C1,0.501
FLT3,JAK2,0.426
FLT3,IRF4,0.43
FLT3,IL10,0.44
FLT3,MME,0.442
FLT3,LOC102723407,0.447
FLT3,NSD1,0.447
FLT3,IL15,0.449
FLT3,MDM2,0.449
FLT3,PBX1,0.449
FLT3,MECOM,0.453
FLT3,TNF,0.47
FLT3,MLLT10,0.479
FLT3,MTOR,0.479
FLT3,GFI1,0.481
FLT3,THY1,0.5
FLT3,MET,0.506
FLT3,TCF3,0.509
FLT3,TLX3,0.518
FLT3,NCAM1,0.523
FLT3,P2RY8,0.526
FLT3,MMP9,0.563
FLT3,HLA-A,0.582
FLT3,IL6,0.583
FLT3,NUP98,0.592
FLT3,NOTCH1,0.6
FLT3,PTEN,0.604
FLT3,PROM1,0.61
FLT3,IKZF1,0.652
FLT3,GATA2,0.654
FLT3,IL3RA,0.661
FLT3,KMT2A,0.663
FLT3,TLR9,0.685
FLT3,TP53,0.722
FLT3,PAX5,0.731
FLT3,WT1,0.766
FLT3,IDH2,0.797
FLT3,IDH1,0.814
FLT3,IL7R,0.826
FLT3,RUNX1,0.828
FLT3,KRAS,0.865
FLT3,PTPN11,0.889
FLT3,NRAS,0.9
FLT3,NPM1,0.943
FLT3,STAT5A,0.97
FLT3,STAT5B,0.97
FLT3,STAT3,0.971
FLT4,KRAS,0.442
FLT4,MDM2,0.442
FLT4,VWF,0.554
FLT4,MTOR,0.421
FLT4,PTEN,0.427
FLT4,NOTCH1,0.432
FLT4,NOS3,0.435
FLT4,STAT3,0.439
FLT4,IL6,0.441
FLT4,TP53,0.443
FLT4,MMP9,0.471
FLT4,MET,0.472
FLT4,TNF,0.476
FOXO3,NFKB1,0.711
FOXO3,NR3C1,0.686
FOXO3,KRAS,0.444
FOXO3,MDM2,0.995
FOXO3,YY1,0.409
FOXO3,HDAC4,0.463
FOXO3,STAT3,0.978
FOXO3,RB1,0.497
FOXO3,TP53,0.998
FOXO3,KIT,0.407
FOXO3,STAT5B,0.516
FOXO3,NOS3,0.413
FOXO3,PLK1,0.727
FOXO3,RUNX1,0.908
FOXO3,TERT,0.616
FOXO3,JAK2,0.452
FOXO3,MMP9,0.454
FOXO3,IL10,0.455
FOXO3,NOTCH1,0.466
FOXO3,STAT5A,0.47
FOXO3,IRF4,0.473
FOXO3,XIAP,0.482
FOXO3,IL6,0.581
FOXO3,TNF,0.59
FOXO3,RELA,0.677
FOXO3,PBX1,0.697
FOXO3,MTOR,0.747
FOXO3,PTEN,0.853
FOXO3,PRMT1,0.928
GAR1,PRMT1,0.651
GAR1,TERT,0.971
GATA2,MPO,0.567
GATA2,KRAS,0.664
GATA2,YY1,0.568
GATA2,TCF3,0.861
GATA2,STAT3,0.463
GATA2,MECOM,0.695
GATA2,TP53,0.626
GATA2,KIT,0.659
GATA2,STAT5B,0.446
GATA2,GFI1,0.924
GATA2,NPM1,0.596
GATA2,RUNX1,0.996
GATA2,TERT,0.456
GATA2,IKZF1,0.62
GATA2,IDH2,0.571
GATA2,STAT5A,0.475
GATA2,IL6,0.4
GATA2,JAK3,0.411
GATA2,PBX1,0.439
GATA2,PRMT1,0.47
GATA2,PAX5,0.513
GATA2,PTPN11,0.52
GATA2,NOTCH1,0.529
GATA2,JAK2,0.551
GATA2,IDH1,0.57
GATA2,NRAS,0.618
GATA2,WT1,0.624
GATA2,KMT2A,0.726
GFI1,TCF3,0.472
GFI1,TP53,0.576
GFI1,KIT,0.47
GFI1,PRMT1,0.402
GFI1,PAX5,0.409
GFI1,STAT5A,0.419
GFI1,NOTCH1,0.434
GFI1,RELA,0.436
GFI1,IL7R,0.455
GFI1,IRF4,0.504
GFI1,PBX1,0.574
GFI1,IKZF1,0.577
GFI1,RUNX1,0.87
GHRL,LEP,0.994
GHRL,TAC1,0.546
GHRL,LEPR,0.696
GHRL,IL10,0.439
GHRL,MTOR,0.44
GHRL,PAX4,0.548
GHRL,TNF,0.605
GHRL,IL6,0.648
GHRL,PYY,0.961
GSTM1,MPO,0.401
GSTM1,XRCC1,0.696
GSTM1,TP53,0.508
GSTM1,UGT1A1,0.594
GSTM1,OGG1,0.583
GSTM1,TNF,0.41
GSTM1,TPMT,0.5
GSTM1,XRCC3,0.581
GSTM1,MTHFR,0.691
GSTM1,NQO1,0.719
GSTM1,GSTP1,0.808
GSTM1,GSTO2,0.887
GSTM1,GSTO1,0.893
GSTO1,HSPB1,0.426
GSTO1,SRSF1,0.453
GSTO1,NQO1,0.412
GSTO1,GSTO2,0.802
GSTO1,MTHFR,0.545
GSTO1,GSTP1,0.915
GSTO2,SRSF1,0.449
GSTO2,MTHFR,0.428
GSTO2,GSTP1,0.927
GSTP1,XRCC1,0.666
GSTP1,STAT3,0.55
GSTP1,TP53,0.581
GSTP1,UGT1A1,0.586
GSTP1,OGG1,0.448
GSTP1,TPMT,0.501
GSTP1,TYMS,0.477
GSTP1,NQO1,0.728
GSTP1,PTGS2,0.508
GSTP1,PTEN,0.476
GSTP1,MTHFR,0.725
GSTP1,TNF,0.404
GSTP1,TOP2A,0.477
GSTP1,XRCC3,0.507
HDAC4,NFKB1,0.567
HDAC4,MDM2,0.52
HDAC4,YY1,0.947
HDAC4,MTOR,0.401
HDAC4,IKZF1,0.41
HDAC4,MECOM,0.428
HDAC4,TNF,0.434
HDAC4,PTEN,0.448
HDAC4,STAT3,0.449
HDAC4,PTGS2,0.462
HDAC4,NUP98,0.487
HDAC4,TERT,0.535
HDAC4,TP53,0.554
HDAC4,KMT2A,0.557
HDAC4,PRMT1,0.563
HDAC4,HMGB1,0.625
HDAC4,NOTCH1,0.683
HFE,UGT1A1,0.531
HFE,MTHFR,0.461
HFE,IL6,0.445
HK3,S100A8,0.439
HK3,S100A9,0.477
HLA-A,NFKB1,0.56
HLA-A,IL2,0.713
HLA-A,HSPB1,0.417
HLA-A,KRAS,0.479
HLA-A,STAT3,0.426
HLA-A,TP53,0.77
HLA-A,IL15,0.598
HLA-A,IL7R,0.449
HLA-A,KLRD1,0.952
HLA-A,TAP1,0.984
HLA-A,HLA-DRB1,0.942
HLA-A,SEPTIN4,0.631
HLA-A,PTGS2,0.465
HLA-A,NRAS,0.41
HLA-A,TAP2,0.963
HLA-A,WT1,0.724
HLA-A,RELA,0.411
HLA-A,IDO1,0.459
HLA-A,IL6,0.501
HLA-A,MME,0.502
HLA-A,PRAME,0.525
HLA-A,NCAM1,0.607
HLA-A,IL10,0.705
HLA-A,TNF,0.76
HLA-A,HLA-DPB1,0.942
HLA-A,HLA-DPA1,0.957
HLA-A,LOC102723407,0.958
HLA-DPA1,TIMP1,0.438
HLA-DPA1,VWF,0.479
HLA-DPA1,ZAP70,0.6
HLA-DPA1,HLA-DRB1,0.979
HLA-DPA1,IL6,0.526
HLA-DPA1,TNF,0.615
HLA-DPA1,PTPN11,0.683
HLA-DPA1,LOC102723407,0.916
HLA-DPA1,HLA-DPB1,0.999
HLA-DPB1,ZAP70,0.569
HLA-DPB1,HLA-DRB1,0.943
HLA-DPB1,MDK,0.489
HLA-DPB1,PTPN11,0.534
HLA-DPB1,LOC102723407,0.932
HLA-DRB1,MMP2,0.423
HLA-DRB1,IL2,0.546
HLA-DRB1,ZAP70,0.66
HLA-DRB1,IL7R,0.492
HLA-DRB1,HSPA1B,0.408
HLA-DRB1,LOC102723407,0.47
HLA-DRB1,WT1,0.519
HLA-DRB1,IL10,0.549
HLA-DRB1,PICALM,0.619
HLA-DRB1,IL6,0.675
HLA-DRB1,PTPN11,0.716
HLA-DRB1,TNF,0.842
HLF,MET,0.446
HLF,PBX1,0.499
HLF,RUNX1,0.546
HLF,TCF3,0.748
HMGB1,TNFRSF1A,0.639
HMGB1,MIF,0.487
HMGB1,MMP2,0.429
HMGB1,MPO,0.774
HMGB1,NFKB1,0.923
HMGB1,IL2,0.511
HMGB1,NR3C1,0.451
HMGB1,RIPK1,0.526
HMGB1,VWF,0.634
HMGB1,STAT3,0.58
HMGB1,TP53,0.997
HMGB1,NPM1,0.495
HMGB1,JAK2,0.404
HMGB1,HSPA1B,0.416
HMGB1,IDO1,0.432
HMGB1,MTOR,0.476
HMGB1,MMP9,0.593
HMGB1,S100A8,0.646
HMGB1,PTGS2,0.652
HMGB1,IL10,0.705
HMGB1,TLR6,0.709
HMGB1,RELA,0.72
HMGB1,THBD,0.749
HMGB1,TNF,0.753
HMGB1,S100A9,0.759
HMGB1,IL6,0.792
HMGB1,TLR9,0.997
HNRNPH1,SRSF1,0.986
HNRNPH1,TP53,0.611
HNRNPH1,NPM1,0.54
HNRNPH1,PRMT1,0.553
HNRNPH1,SET,0.591
HPRT1,NFKB1,0.501
HPRT1,IL2,0.55
HPRT1,STAT3,0.408
HPRT1,TP53,0.539
HPRT1,KIT,0.41
HPRT1,RAD51,0.402
HPRT1,IL10,0.61
HPRT1,TNF,0.628
HPRT1,IL6,0.64
HPRT1,TYMS,0.66
HPRT1,TPMT,0.952
HSPA1A,NR3C1,0.746
HSPA1A,HSPB1,0.977
HSPA1A,TP53,0.754
HSPA1A,TERT,0.469
HSPA1A,NUP98,0.454
HSPA1A,NQO1,0.566
HSPA1A,S100A9,0.483
HSPA1A,RPL5,0.426
HSPA1A,PTEN,0.459
HSPA1A,HSPA1B,0.994
HSPA1A,THBD,0.475
HSPA1A,TNF,0.696
HSPA1B,NFKB1,0.494
HSPA1B,NR3C1,0.935
HSPA1B,HSPB1,0.939
HSPA1B,STAT3,0.616
HSPA1B,TP53,0.971
HSPA1B,PLK1,0.419
HSPA1B,TERT,0.616
HSPA1B,NUP98,0.463
HSPA1B,NQO1,0.588
HSPA1B,S100A9,0.492
HSPA1B,RPL5,0.411
HSPA1B,XIAP,0.418
HSPA1B,PTEN,0.52
HSPA1B,IL10,0.423
HSPA1B,THBD,0.462
HSPA1B,RELA,0.509
HSPA1B,IL6,0.552
HSPA1B,TNF,0.773
HSPB1,MMP2,0.407
HSPB1,NFKB1,0.436
HSPB1,IGFBP2,0.485
HSPB1,PTEN,0.402
HSPB1,IL10,0.419
HSPB1,NPM1,0.42
HSPB1,IL6,0.542
HSPB1,XIAP,0.619
HSPB1,TNF,0.65
HSPB1,STAT3,0.797
HSPB1,TP53,0.955
IDH1,NFKB1,0.413
IDH1,KRAS,0.762
IDH1,MDM2,0.589
IDH1,STAT3,0.486
IDH1,TP53,0.845
IDH1,KIT,0.698
IDH1,NPM1,0.8
IDH1,RUNX1,0.72
IDH1,TERT,0.781
IDH1,IKZF1,0.435
IDH1,IDH2,0.961
IDH1,MTOR,0.492
IDH1,NRAS,0.777
IDH1,PTEN,0.841
IDH1,TET1,0.585
IDH1,MTHFR,0.45
IDH1,WT1,0.666
IDH1,JAK2,0.679
IDH1,TNF,0.408
IDH1,TOP2A,0.444
IDH1,JAK3,0.522
IDH1,KMT2A,0.541
IDH1,NOTCH1,0.584
IDH1,MTHFD1,0.606
IDH1,PROM1,0.617
IDH1,PTPN11,0.647
IDH2,KRAS,0.712
IDH2,MDM2,0.504
IDH2,STAT3,0.449
IDH2,TP53,0.783
IDH2,KIT,0.67
IDH2,NPM1,0.791
IDH2,RUNX1,0.72
IDH2,TERT,0.686
IDH2,IKZF1,0.446
IDH2,MMP9,0.406
IDH2,MTOR,0.448
IDH2,MTHFR,0.457
IDH2,KMT2A,0.521
IDH2,JAK3,0.524
IDH2,NOTCH1,0.547
IDH2,TET1,0.574
IDH2,PTPN11,0.625
IDH2,MTHFD1,0.649
IDH2,PTEN,0.657
IDH2,WT1,0.664
IDH2,JAK2,0.671
IDH2,NRAS,0.768
IDO1,NFKB1,0.658
IDO1,IL2,0.808
IDO1,KRAS,0.411
IDO1,IL1RN,0.641
IDO1,STAT3,0.631
IDO1,TP53,0.479
IDO1,THY1,0.544
IDO1,KIT,0.402
IDO1,STAT5B,0.422
IDO1,IL15,0.659
IDO1,IL7R,0.466
IDO1,IL3RA,0.463
IDO1,KLRD1,0.434
IDO1,STAT5A,0.445
IDO1,TLR9,0.582
IDO1,MTOR,0.475
IDO1,PTGS2,0.621
IDO1,PTEN,0.434
IDO1,MMP9,0.508
IDO1,IRF4,0.417
IDO1,JAK2,0.5
IDO1,IL6,0.791
IDO1,TNF,0.758
IDO1,IL10,0.857
IDO1,JAK1,0.455
IDO1,NCAM1,0.456
IDO1,PTPN11,0.619
IGFBP2,TIMP1,0.493
IGFBP2,PTEN,0.437
IGFBP2,TP53,0.622
IGFBP2,IL6,0.646
IGFBP2,LEP,0.678
IKZF1,NFKB1,0.464
IKZF1,IL2,0.646
IKZF1,KRAS,0.501
IKZF1,TCF3,0.708
IKZF1,STAT3,0.456
IKZF1,ZAP70,0.508
IKZF1,TP53,0.566
IKZF1,KIT,0.526
IKZF1,STAT5B,0.546
IKZF1,TLX3,0.589
IKZF1,NPM1,0.436
IKZF1,RUNX1,0.941
IKZF1,IL7R,0.8
IKZF1,TNF,0.413
IKZF1,PTEN,0.432
IKZF1,JAK1,0.472
IKZF1,PTPN11,0.5
IKZF1,NRAS,0.55
IKZF1,STAT5A,0.572
IKZF1,JAK3,0.573
IKZF1,PBX1,0.582
IKZF1,IL10,0.603
IKZF1,JAK2,0.619
IKZF1,NOTCH1,0.628
IKZF1,KMT2A,0.63
IKZF1,LOC102723407,0.737
IKZF1,IRF4,0.745
IKZF1,P2RY8,0.815
IKZF1,PAX5,0.954
IL10,TNFRSF1A,0.968
IL10,MIF,0.659
IL10,TIMP1,0.954
IL10,MMP2,0.761
IL10,MPO,0.771
IL10,NFKB1,0.877
IL10,IL2,0.964
IL10,NR3C1,0.635
IL10,KRAS,0.459
IL10,IL1RN,0.923
IL10,VWF,0.517
IL10,YY1,0.453
IL10,TIMP2,0.596
IL10,STAT3,0.968
IL10,ZAP70,0.521
IL10,TP53,0.756
IL10,THY1,0.623
IL10,KIT,0.541
IL10,STAT5B,0.753
IL10,MERTK,0.527
IL10,IL15,0.914
IL10,NOS3,0.701
IL10,RUNX1,0.579
IL10,IL7R,0.919
IL10,LEP,0.806
IL10,NQO1,0.401
IL10,TAC1,0.512
IL10,IL3RA,0.824
IL10,LEPR,0.784
IL10,KLRD1,0.558
IL10,STAT5A,0.756
IL10,TNFSF13,0.572
IL10,TLR9,0.868
IL10,MTOR,0.74
IL10,PTGS2,0.789
IL10,S100A8,0.47
IL10,S100A9,0.417
IL10,PTEN,0.717
IL10,MMP9,0.881
IL10,THBD,0.546
IL10,IRF4,0.755
IL10,JAK2,0.838
IL10,RELA,0.701
IL10,IL6,0.997
IL10,TLR6,0.754
IL10,TNF,0.992
IL10,PROM1,0.416
IL10,MME,0.418
IL10,NOTCH1,0.437
IL10,LOC102723407,0.46
IL10,JAK3,0.566
IL10,PTPN11,0.642
IL10,NCAM1,0.702
IL10,JAK1,0.976
IL15,TNFRSF1A,0.71
IL15,MIF,0.415
IL15,NFKB1,0.519
IL15,IL2,0.958
IL15,IL1RN,0.514
IL15,STAT3,0.807
IL15,ZAP70,0.477
IL15,KIT,0.499
IL15,STAT5B,0.852
IL15,MTOR,0.416
IL15,PTGS2,0.435
IL15,IRF4,0.438
IL15,LEP,0.447
IL15,MMP9,0.479
IL15,TLR9,0.57
IL15,JAK2,0.618
IL15,LEPR,0.711
IL15,KLRD1,0.806
IL15,IL3RA,0.824
IL15,NCAM1,0.841
IL15,STAT5A,0.849
IL15,IL6,0.884
IL15,TNF,0.885
IL15,JAK1,0.952
IL15,IL7R,0.985
IL15,JAK3,0.996
IL1RN,TNFRSF1A,0.593
IL1RN,TIMP1,0.439
IL1RN,MPO,0.408
IL1RN,NFKB1,0.623
IL1RN,IL2,0.573
IL1RN,JAK2,0.417
IL1RN,LEP,0.419
IL1RN,IL7R,0.456
IL1RN,S100A9,0.496
IL1RN,RELA,0.534
IL1RN,S100A8,0.55
IL1RN,PTGS2,0.574
IL1RN,MMP9,0.575
IL1RN,STAT3,0.701
IL1RN,TNF,0.844
IL1RN,IL6,0.925
IL2,TNFRSF1A,0.74
IL2,MIF,0.49
IL2,TIMP1,0.487
IL2,MMP2,0.472
IL2,MPO,0.514
IL2,NFKB1,0.804
IL2,TAC1,0.407
IL2,TLR6,0.411
IL2,THBD,0.411
IL2,NOS3,0.413
IL2,WT1,0.443
IL2,PTPN11,0.48
IL2,PTEN,0.515
IL2,KIT,0.571
IL2,LEP,0.573
IL2,MMP9,0.601
IL2,NRAS,0.602
IL2,PTGS2,0.607
IL2,MTOR,0.612
IL2,NR3C1,0.622
IL2,THY1,0.625
IL2,MDM2,0.675
IL2,KLRD1,0.68
IL2,LEPR,0.74
IL2,TP53,0.741
IL2,KRAS,0.759
IL2,TLR9,0.777
IL2,ZAP70,0.794
IL2,IRF4,0.821
IL2,STAT3,0.828
IL2,RELA,0.839
IL2,RUNX1,0.848
IL2,NCAM1,0.856
IL2,JAK2,0.896
IL2,IL3RA,0.898
IL2,LOC102723407,0.944
IL2,STAT5A,0.956
IL2,STAT5B,0.956
IL2,TNF,0.957
IL2,IL7R,0.978
IL2,JAK1,0.989
IL2,IL6,0.999
IL2,JAK3,0.999
IL3RA,MPO,0.584
IL3RA,KRAS,0.918
IL3RA,THY1,0.477
IL3RA,KIT,0.709
IL3RA,STAT5B,0.683
IL3RA,NPM1,0.447
IL3RA,RUNX1,0.431
IL3RA,IL7R,0.655
IL3RA,LEP,0.668
IL3RA,PAX5,0.418
IL3RA,TNF,0.556
IL3RA,IRF4,0.574
IL3RA,TLR9,0.586
IL3RA,KLRD1,0.595
IL3RA,PTPN11,0.623
IL3RA,STAT5A,0.69
IL3RA,MME,0.784
IL3RA,THBD,0.818
IL3RA,JAK3,0.848
IL3RA,JAK1,0.857
IL3RA,NCAM1,0.872
IL3RA,JAK2,0.879
IL3RA,IL6,0.889
IL3RA,NRAS,0.924
IL6,TNFRSF1A,0.997
IL6,MIF,0.708
IL6,TIMP1,0.938
IL6,MMP2,0.847
IL6,MPO,0.872
IL6,NFKB1,0.994
IL6,NR3C1,0.63
IL6,KRAS,0.823
IL6,MDM2,0.448
IL6,RIPK1,0.529
IL6,VWF,0.716
IL6,TIMP2,0.799
IL6,STAT3,0.984
IL6,ZAP70,0.439
IL6,TP53,0.777
IL6,THY1,0.65
IL6,KIT,0.781
IL6,STAT5B,0.807
IL6,MERTK,0.484
IL6,NOS3,0.718
IL6,RUNX1,0.464
IL6,IL7R,0.916
IL6,TERT,0.479
IL6,LEP,0.919
IL6,MET,0.856
IL6,NQO1,0.613
IL6,TAC1,0.666
IL6,LEPR,0.902
IL6,KLRD1,0.42
IL6,STAT5A,0.823
IL6,PYY,0.478
IL6,TLR9,0.895
IL6,MTOR,0.772
IL6,PTGS2,0.96
IL6,S100A8,0.555
IL6,S100A9,0.468
IL6,XIAP,0.506
IL6,PTEN,0.681
IL6,MMP9,0.959
IL6,MTHFR,0.603
IL6,THBD,0.651
IL6,IRF4,0.633
IL6,JAK2,0.995
IL6,RELA,0.986
IL6,MDK,0.407
IL6,LOC102723407,0.497
IL6,MME,0.513
IL6,PROM1,0.58
IL6,NOTCH1,0.589
IL6,NCAM1,0.639
IL6,PTPN11,0.79
IL6,TLR6,0.863
IL6,JAK3,0.914
IL6,TNF,0.994
IL6,JAK1,0.996
IL7R,TNFRSF1A,0.442
IL7R,NFKB1,0.437
IL7R,TCF3,0.526
IL7R,STAT3,0.746
IL7R,ZAP70,0.601
IL7R,THY1,0.608
IL7R,KIT,0.842
IL7R,STAT5B,0.941
IL7R,RUNX1,0.581
IL7R,MME,0.405
IL7R,P2RY8,0.453
IL7R,TLR6,0.472
IL7R,PTGS2,0.551
IL7R,PICALM,0.553
IL7R,PTPN11,0.587
IL7R,IRF4,0.599
IL7R,PAX5,0.603
IL7R,KLRD1,0.643
IL7R,LOC102723407,0.655
IL7R,NOTCH1,0.658
IL7R,LEP,0.708
IL7R,TNF,0.717
IL7R,NCAM1,0.717
IL7R,JAK2,0.9
IL7R,STAT5A,0.938
IL7R,JAK3,0.988
IL7R,JAK1,0.994
IRF4,NFKB1,0.728
IRF4,TCF3,0.742
IRF4,STAT3,0.973
IRF4,ZAP70,0.511
IRF4,TP53,0.514
IRF4,KIT,0.411
IRF4,STAT5B,0.597
IRF4,RUNX1,0.722
IRF4,STAT5A,0.623
IRF4,PAX5,0.95
IRF4,TLR9,0.504
IRF4,THBD,0.45
IRF4,NOTCH1,0.414
IRF4,JAK2,0.448
IRF4,JAK3,0.468
IRF4,JAK1,0.478
IRF4,RELA,0.498
IRF4,TNF,0.616
IRF4,LOC102723407,0.621
IRF4,MME,0.645
JAK1,TNFRSF1A,0.704
JAK1,MMP2,0.476
JAK1,NFKB1,0.675
JAK1,KRAS,0.796
JAK1,MDM2,0.688
JAK1,STAT3,0.999
JAK1,TP53,0.774
JAK1,STAT5B,0.999
JAK1,NPM1,0.519
JAK1,RUNX1,0.452
JAK1,MET,0.917
JAK1,LEPR,0.732
JAK1,STAT5A,0.999
JAK1,PAX5,0.415
JAK1,TLR9,0.466
JAK1,MTOR,0.667
JAK1,PTGS2,0.407
JAK1,NRAS,0.714
JAK1,PTEN,0.568
JAK1,MMP9,0.479
JAK1,P2RY8,0.437
JAK1,JAK2,0.999
JAK1,RELA,0.482
JAK1,TNF,0.828
JAK1,JAK3,0.999
JAK1,PTPN11,0.994
JAK1,NOTCH1,0.531
JAK2,TNFRSF1A,0.702
JAK2,MMP2,0.523
JAK2,MPO,0.408
JAK2,NFKB1,0.657
JAK2,KRAS,0.85
JAK2,MDM2,0.483
JAK2,STAT3,0.999
JAK2,ZAP70,0.499
JAK2,TP53,0.728
JAK2,KIT,0.707
JAK2,STAT5B,0.999
JAK2,NPM1,0.644
JAK2,RUNX1,0.689
JAK2,TERT,0.596
JAK2,LEP,0.966
JAK2,MET,0.92
JAK2,LEPR,0.999
JAK2,STAT5A,0.999
JAK2,PAX5,0.673
JAK2,TLR9,0.409
JAK2,MTOR,0.742
JAK2,PTGS2,0.528
JAK2,NRAS,0.852
JAK2,XIAP,0.454
JAK2,PTEN,0.794
JAK2,MMP9,0.621
JAK2,TET1,0.438
JAK2,WT1,0.521
JAK2,P2RY8,0.759
JAK2,KMT2A,0.457
JAK2,LOC102723407,0.474
JAK2,NOTCH1,0.641
JAK2,RELA,0.652
JAK2,TNF,0.801
JAK2,JAK3,0.975
JAK2,PTPN11,0.998
JAK3,NFKB1,0.482
JAK3,KRAS,0.764
JAK3,STAT3,0.998
JAK3,ZAP70,0.505
JAK3,TP53,0.566
JAK3,KIT,0.49
JAK3,STAT5B,0.997
JAK3,NPM1,0.575
JAK3,RUNX1,0.494
JAK3,LEPR,0.797
JAK3,STAT5A,0.998
JAK3,PAX5,0.433
JAK3,MTOR,0.602
JAK3,NRAS,0.776
JAK3,PTEN,0.545
JAK3,MDK,0.563
JAK3,TNF,0.563
JAK3,NOTCH1,0.627
JAK3,PTPN11,0.962
KIT,MPO,0.705
KIT,NFKB1,0.441
KIT,NR3C1,0.537
KIT,KRAS,0.976
KIT,MDM2,0.58
KIT,VWF,0.602
KIT,TCF3,0.474
KIT,STAT3,0.96
KIT,TP53,0.816
KIT,THY1,0.789
KIT,TAC1,0.416
KIT,PTGS2,0.431
KIT,LOC102723407,0.479
KIT,KMT2A,0.505
KIT,KLRD1,0.507
KIT,TET1,0.514
KIT,MMP9,0.541
KIT,PAX5,0.571
KIT,MTOR,0.574
KIT,MET,0.594
KIT,TNF,0.608
KIT,TERT,0.609
KIT,NOTCH1,0.647
KIT,WT1,0.675
KIT,PTEN,0.719
KIT,MME,0.745
KIT,SPRED1,0.751
KIT,NPM1,0.765
KIT,RUNX1,0.773
KIT,NCAM1,0.785
KIT,PROM1,0.789
KIT,STAT5A,0.959
KIT,STAT5B,0.971
KIT,NRAS,0.981
KIT,PTPN11,0.99
KLRD1,ZAP70,0.527
KLRD1,TNF,0.582
KLRD1,NCAM1,0.813
KLRD1,RPL5,0.899
KLRD1,PTPN11,0.937
KMT2A,KRAS,0.512
KMT2A,TCF3,0.526
KMT2A,MECOM,0.558
KMT2A,TP53,0.757
KMT2A,PRDM16,0.412
KMT2A,NPM1,0.658
KMT2A,RUNX1,0.895
KMT2A,MLLT10,0.851
KMT2A,TERT,0.547
KMT2A,NUP98,0.636
KMT2A,PAX5,0.661
KMT2A,NRAS,0.586
KMT2A,PTEN,0.538
KMT2A,SET,0.743
KMT2A,TET1,0.623
KMT2A,WT1,0.547
KMT2A,PSIP1,0.988
KMT2A,P2RY8,0.515
KMT2A,NSD1,0.458
KMT2A,PBX1,0.775
KMT2A,PRMT1,0.646
KMT2A,TOP2A,0.462
KMT2A,MME,0.418
KMT2A,LOC102723407,0.451
KMT2A,NOTCH1,0.462
KMT2A,PTPN11,0.466
KMT5A,TP53,0.916
KMT5A,TET1,0.414
KMT5A,PRMT1,0.536
KRAS,MMP2,0.455
KRAS,NFKB1,0.805
KRAS,NR3C1,0.451
KRAS,SOX4,0.508
KRAS,TOP2A,0.405
KRAS,RAD51,0.413
KRAS,PAX5,0.414
KRAS,RB1,0.433
KRAS,LOC102723407,0.448
KRAS,XIAP,0.469
KRAS,STAT5A,0.473
KRAS,OGG1,0.476
KRAS,STAT5B,0.507
KRAS,MMP9,0.517
KRAS,SRSF1,0.535
KRAS,TYMS,0.596
KRAS,VWF,0.616
KRAS,PROM1,0.618
KRAS,PLK1,0.644
KRAS,RUNX1,0.652
KRAS,TERT,0.659
KRAS,MUTYH,0.66
KRAS,MDM2,0.67
KRAS,RELA,0.692
KRAS,TNF,0.717
KRAS,PTGS2,0.718
KRAS,NCAM1,0.735
KRAS,WT1,0.755
KRAS,NPM1,0.803
KRAS,STAT3,0.817
KRAS,MTOR,0.826
KRAS,NOTCH1,0.853
KRAS,SPRED1,0.868
KRAS,PTEN,0.936
KRAS,NRAS,0.944
KRAS,TP53,0.949
KRAS,PTPN11,0.953
KRAS,MET,0.979
LAT2,ZAP70,0.648
LEP,TIMP1,0.507
LEP,MMP2,0.446
LEP,MPO,0.431
LEP,NFKB1,0.525
LEP,NR3C1,0.67
LEP,VWF,0.409
LEP,TIMP2,0.564
LEP,STAT3,0.933
LEP,TP53,0.545
LEP,PRDM16,0.598
LEP,STAT5B,0.726
LEP,NOS3,0.545
LEP,NOTCH1,0.411
LEP,TAC1,0.425
LEP,PTEN,0.509
LEP,PTGS2,0.52
LEP,MMP9,0.649
LEP,STAT5A,0.722
LEP,MTOR,0.731
LEP,PTPN11,0.808
LEP,TNF,0.892
LEP,PYY,0.908
LEP,LEPR,0.999
LEPR,STAT3,0.921
LEPR,STAT5B,0.859
LEPR,MTOR,0.404
LEPR,TNF,0.534
LEPR,PYY,0.675
LEPR,STAT5A,0.848
LEPR,PTPN11,0.91
LIG4,MDM2,0.52
LIG4,XRCC1,0.928
LIG4,NBN,0.821
LIG4,TP53,0.532
LIG4,OGG1,0.674
LIG4,TERT,0.481
LIG4,RAD50,0.536
LIG4,TOP2A,0.479
LIG4,XRCC4,0.999
LIG4,XRCC3,0.824
LIG4,LOC102723407,0.699
LIG4,MUTYH,0.453
LIG4,RAD51,0.794
LOC102723407,NFKB1,0.443
LOC102723407,YY1,0.412
LOC102723407,TCF3,0.731
LOC102723407,STAT3,0.401
LOC102723407,ZAP70,0.813
LOC102723407,TP53,0.813
LOC102723407,RUNX1,0.573
LOC102723407,MET,0.92
LOC102723407,PAX5,0.887
LOC102723407,TLR9,0.428
LOC102723407,NRAS,0.481
LOC102723407,P2RY8,0.622
LOC102723407,TNF,0.44
LOC102723407,PBX1,0.506
LOC102723407,MME,0.773
LOC102723407,XRCC4,0.741
LOC102723407,NCAM1,0.582
LOC102723407,NOTCH1,0.643
MDK,TIMP1,0.47
MDK,MMP2,0.529
MDK,STAT3,0.696
MDK,TP53,0.453
MDK,PTGS2,0.514
MDK,NCAM1,0.403
MDM2,MMP2,0.4
MDM2,NFKB1,0.719
MDM2,NR3C1,0.47
MDM2,SOX4,0.481
MDM2,XRCC1,0.401
MDM2,RUNX1,0.419
MDM2,TOP2A,0.427
MDM2,RAD51,0.431
MDM2,PTGS2,0.439
MDM2,MET,0.46
MDM2,PSIP1,0.466
MDM2,WT1,0.466
MDM2,USP42,0.491
MDM2,STAT5A,0.524
MDM2,NUP98,0.547
MDM2,PRMT1,0.568
MDM2,MTOR,0.598
MDM2,NRAS,0.609
MDM2,TNF,0.625
MDM2,MMP9,0.628
MDM2,STAT3,0.715
MDM2,SRSF1,0.721
MDM2,RELA,0.746
MDM2,PLK1,0.772
MDM2,NBN,0.774
MDM2,TERT,0.797
MDM2,NOTCH1,0.843
MDM2,YY1,0.892
MDM2,PTEN,0.902
MDM2,XIAP,0.929
MDM2,NPM1,0.974
MDM2,RB1,0.999
MDM2,TP53,0.999
MDM2,RPL5,0.999
MECOM,NSD1,0.406
MECOM,MLLT10,0.418
MECOM,NUP98,0.449
MECOM,PBX1,0.456
MECOM,NPM1,0.478
MECOM,TP53,0.687
MECOM,RUNX1,0.988
MERTK,SOX4,0.51
MERTK,STAT3,0.431
MERTK,PROM1,0.448
MERTK,TNF,0.503
MET,MMP2,0.703
MET,NFKB1,0.45
MET,SRSF1,0.447
MET,VWF,0.527
MET,STAT3,0.981
MET,ZAP70,0.421
MET,TP53,0.804
MET,STAT5B,0.404
MET,TERT,0.541
MET,STAT5A,0.4
MET,PTGS2,0.422
MET,NOTCH1,0.523
MET,PROM1,0.597
MET,MTOR,0.62
MET,TNF,0.657
MET,MMP9,0.746
MET,PTEN,0.755
MET,S100A8,0.927
MET,PTPN11,0.927
MET,NRAS,0.966
MIF,STAT3,0.4
MIF,TIMP1,0.403
MIF,PTGS2,0.443
MIF,MMP9,0.492
MIF,TNF,0.656
MIF,TP53,0.731
MLLT10,TCF3,0.426
MLLT10,TLX3,0.58
MLLT10,NPM1,0.435
MLLT10,RUNX1,0.574
MLLT10,PSIP1,0.432
MLLT10,PBX1,0.486
MLLT10,NSD1,0.675
MLLT10,NUP98,0.768
MLLT10,PICALM,0.922
MME,MPO,0.67
MME,TP53,0.596
MME,THY1,0.616
MME,RUNX1,0.512
MME,TAC1,0.721
MME,PAX5,0.843
MME,PTEN,0.675
MME,MMP9,0.468
MME,WT1,0.582
MME,TNF,0.456
MME,PBX1,0.4
MME,PROM1,0.455
MME,NCAM1,0.858
MMP2,TIMP1,0.997
MMP2,RELA,0.4
MMP2,TFPI2,0.413
MMP2,XIAP,0.413
MMP2,THY1,0.461
MMP2,MPO,0.474
MMP2,PROM1,0.48
MMP2,VWF,0.483
MMP2,MTOR,0.512
MMP2,NOS3,0.531
MMP2,NCAM1,0.539
MMP2,NFKB1,0.597
MMP2,TP53,0.669
MMP2,NOTCH1,0.678
MMP2,TNF,0.729
MMP2,PTEN,0.745
MMP2,PTGS2,0.764
MMP2,STAT3,0.916
MMP2,MMP9,0.918
MMP2,TIMP2,0.999
MMP9,TNFRSF1A,0.554
MMP9,TIMP1,0.999
MMP9,MPO,0.969
MMP9,NFKB1,0.802
MMP9,NR3C1,0.402
MMP9,VWF,0.805
MMP9,TIMP2,0.998
MMP9,STAT3,0.89
MMP9,TP53,0.838
MMP9,THY1,0.652
MMP9,STAT5B,0.418
MMP9,NPM1,0.487
MMP9,NOS3,0.73
MMP9,TERT,0.41
MMP9,NQO1,0.426
MMP9,TAC1,0.41
MMP9,STAT5A,0.449
MMP9,TLR9,0.442
MMP9,MTOR,0.588
MMP9,PTGS2,0.815
MMP9,S100A8,0.493
MMP9,S100A9,0.516
MMP9,XIAP,0.544
MMP9,PTEN,0.766
MMP9,THBD,0.428
MMP9,PROM1,0.573
MMP9,NOTCH1,0.606
MMP9,NCAM1,0.631
MMP9,RELA,0.658
MMP9,TNF,0.93
MNX1,SLC19A2,0.421
MNX1,PAX4,0.457
MPO,TNFRSF1A,0.415
MPO,TIMP1,0.515
MPO,NPM1,0.411
MPO,THBD,0.422
MPO,TP53,0.46
MPO,TLR9,0.466
MPO,NFKB1,0.518
MPO,PAX5,0.526
MPO,STAT3,0.53
MPO,NOS3,0.536
MPO,S100A8,0.552
MPO,VWF,0.58
MPO,NCAM1,0.609
MPO,PTGS2,0.641
MPO,NQO1,0.666
MPO,S100A9,0.667
MPO,TNF,0.832
MPO,RUNX1,0.947
MTHFD1,SLC19A1,0.706
MTHFD1,TYMS,0.986
MTHFD1,MTR,0.997
MTHFD1,MTHFR,0.996
MTHFD1,MTRR,0.941
MTHFR,NFKB1,0.514
MTHFR,SLCO1B1,0.48
MTHFR,NUDT15,0.417
MTHFR,XRCC1,0.62
MTHFR,TP53,0.42
MTHFR,NOS3,0.65
MTHFR,UGT1A1,0.455
MTHFR,OGG1,0.48
MTHFR,SLC19A1,0.813
MTHFR,TERT,0.417
MTHFR,TPMT,0.626
MTHFR,TYMS,0.991
MTHFR,NQO1,0.413
MTHFR,MTR,0.999
MTHFR,TNF,0.418
MTHFR,XRCC3,0.477
MTHFR,MTRR,0.981
MTOR,NFKB1,0.76
MTOR,SRSF1,0.562
MTOR,RIPK1,0.406
MTOR,YY1,0.626
MTOR,STAT3,0.926
MTOR,NBN,0.431
MTOR,TP53,0.874
MTOR,STAT5B,0.509
MTOR,NOS3,0.677
MTOR,TERT,0.738
MTOR,STAT5A,0.497
MTOR,RELA,0.408
MTOR,PROM1,0.418
MTOR,XIAP,0.484
MTOR,PTPN11,0.499
MTOR,PTGS2,0.575
MTOR,NOTCH1,0.585
MTOR,TNF,0.671
MTOR,NRAS,0.705
MTOR,PTEN,0.942
MTR,ZAP70,0.4
MTR,SLC19A1,0.719
MTR,TYMS,0.824
MTR,MTRR,0.999
MTRR,SLC19A1,0.781
MTRR,TYMS,0.789
MUTYH,NUDT15,0.561
MUTYH,XRCC1,0.728
MUTYH,TP53,0.746
MUTYH,OGG1,0.974
MUTYH,PTEN,0.601
MUTYH,XRCC3,0.622
MUTYH,RAD51,0.489
NBN,XRCC1,0.749
NBN,RFC1,0.613
NBN,XRCC4,0.675
NBN,TP53,0.763
NBN,XRCC3,0.794
NBN,RAD51,0.925
NBN,RAD50,0.999
NCAM1,TIMP1,0.526
NCAM1,STAT3,0.625
NCAM1,TP53,0.581
NCAM1,THY1,0.777
NCAM1,STAT5B,0.489
NCAM1,NPM1,0.401
NCAM1,RUNX1,0.419
NCAM1,STAT5A,0.436
NCAM1,PAX5,0.582
NCAM1,TLR9,0.453
NCAM1,NRAS,0.689
NCAM1,THBD,0.572
NCAM1,WT1,0.571
NCAM1,TNF,0.701
NCAM1,PROM1,0.589
NCAM1,NOTCH1,0.456
NFKB1,TNFRSF1A,0.848
NFKB1,TIMP1,0.704
NFKB1,PROM1,0.41
NFKB1,NPM1,0.411
NFKB1,PAX5,0.422
NFKB1,TERT,0.423
NFKB1,PTPN11,0.425
NFKB1,XRCC4,0.442
NFKB1,ZAP70,0.446
NFKB1,TIMP2,0.463
NFKB1,PSIP1,0.467
NFKB1,OGG1,0.477
NFKB1,NQO1,0.482
NFKB1,RUNX1,0.488
NFKB1,PBX1,0.488
NFKB1,NOS3,0.528
NFKB1,VWF,0.534
NFKB1,PRMT1,0.583
NFKB1,XIAP,0.623
NFKB1,PTEN,0.652
NFKB1,TLR6,0.694
NFKB1,NRAS,0.713
NFKB1,YY1,0.715
NFKB1,STAT5B,0.741
NFKB1,TLR9,0.828
NFKB1,STAT5A,0.83
NFKB1,PTGS2,0.842
NFKB1,NR3C1,0.878
NFKB1,RIPK1,0.895
NFKB1,NOTCH1,0.932
NFKB1,STAT3,0.962
NFKB1,TP53,0.989
NFKB1,TNF,0.999
NFKB1,RELA,0.999
NOS3,TIMP1,0.415
NOS3,VWF,0.811
NOS3,STAT3,0.489
NOS3,TP53,0.506
NOS3,PTEN,0.422
NOS3,TAC1,0.43
NOS3,THBD,0.567
NOS3,PTGS2,0.642
NOS3,TNF,0.693
NOTCH1,SOX4,0.431
NOTCH1,YY1,0.825
NOTCH1,TCF3,0.544
NOTCH1,STAT3,0.677
NOTCH1,ZAP70,0.512
NOTCH1,TP53,0.789
NOTCH1,THY1,0.449
NOTCH1,STAT5B,0.472
NOTCH1,TLX3,0.544
NOTCH1,NPM1,0.515
NOTCH1,RUNX1,0.614
NOTCH1,TERT,0.549
NOTCH1,STAT5A,0.459
NOTCH1,PAX5,0.698
NOTCH1,PTGS2,0.413
NOTCH1,NRAS,0.765
NOTCH1,XIAP,0.519
NOTCH1,PTEN,0.758
NOTCH1,WT1,0.529
NOTCH1,RELA,0.583
NOTCH1,NSD1,0.473
NOTCH1,TNF,0.711
NOTCH1,PROM1,0.679
NOTCH1,PTPN11,0.571
NPM1,SRSF1,0.792
NPM1,YY1,0.764
NPM1,STAT3,0.744
NPM1,RB1,0.815
NPM1,TP53,0.997
NPM1,STAT5B,0.727
NPM1,RAD51,0.426
NPM1,TRDMT1,0.44
NPM1,PROM1,0.455
NPM1,NSD1,0.474
NPM1,PTEN,0.507
NPM1,TERT,0.527
NPM1,TOP2A,0.529
NPM1,RPL10,0.559
NPM1,RELA,0.579
NPM1,SET,0.707
NPM1,WT1,0.722
NPM1,PTPN11,0.789
NPM1,NUP98,0.794
NPM1,STAT5A,0.809
NPM1,NRAS,0.832
NPM1,RUNX1,0.854
NPM1,RPL5,0.976
NQO1,XRCC1,0.417
NQO1,STAT3,0.427
NQO1,TP53,0.946
NQO1,UGT1A1,0.614
NQO1,OGG1,0.403
NQO1,SLC19A1,0.401
NQO1,PTGS2,0.578
NQO1,TNF,0.712
NR3C1,TNFRSF1A,0.42
NR3C1,TLR9,0.482
NR3C1,RUNX1,0.553
NR3C1,PBX1,0.651
NR3C1,PTGS2,0.675
NR3C1,TNF,0.745
NR3C1,STAT5A,0.798
NR3C1,STAT5B,0.835
NR3C1,RELA,0.85
NR3C1,TP53,0.936
NR3C1,STAT3,0.981
NRAS,VWF,0.541
NRAS,STAT3,0.535
NRAS,TP53,0.876
NRAS,STAT5B,0.431
NRAS,SPRED1,0.87
NRAS,PLK1,0.499
NRAS,RUNX1,0.743
NRAS,TERT,0.679
NRAS,TYMS,0.423
NRAS,NUP98,0.404
NRAS,PAX5,0.419
NRAS,RELA,0.619
NRAS,WT1,0.785
NRAS,PTEN,0.872
NRAS,PTPN11,0.952
NSD1,TP53,0.522
NSD1,RUNX1,0.403
NSD1,NUP98,0.937
NSD1,PTEN,0.408
NSD1,WT1,0.422
NSD1,PSIP1,0.748
NSD1,RELA,0.62
NSD1,PRMT1,0.553
NUDT15,SLCO1B1,0.576
NUDT15,UGT1A1,0.474
NUDT15,TYMS,0.882
NUDT15,TPMT,0.899
NUP98,SRSF1,0.621
NUP98,PLK1,0.638
NUP98,RUNX1,0.579
NUP98,WT1,0.448
NUP98,TOP2A,0.496
NUP98,PBX1,0.627
NUP98,PSIP1,0.833
OGG1,XRCC1,0.997
OGG1,TP53,0.595
OGG1,TOP2A,0.469
OGG1,PTEN,0.524
OGG1,RAD51,0.661
OGG1,TET1,0.675
OGG1,XRCC4,0.769
OGG1,XRCC3,0.816
P2RY8,TLX3,0.553
P2RY8,RUNX1,0.499
P2RY8,PAX5,0.71
P2RY8,PBX1,0.509
PAX5,YY1,0.688
PAX5,TCF3,0.856
PAX5,STAT3,0.437
PAX5,RB1,0.61
PAX5,TP53,0.598
PAX5,STAT5B,0.513
PAX5,TLX3,0.51
PAX5,RUNX1,0.92
PAX5,STAT5A,0.507
PAX5,WT1,0.414
PAX5,PTEN,0.585
PAX5,PBX1,0.605
PBX1,TCF3,0.963
PBX1,TLX3,0.416
PBX1,RUNX1,0.86
PBX1,WT1,0.403
PLK1,VWF,0.419
PLK1,STAT3,0.627
PLK1,RB1,0.412
PLK1,TP53,0.981
PLK1,TYMS,0.474
PLK1,SLX4IP,0.635
PLK1,RELA,0.667
PLK1,RAD51,0.848
PLK1,PTEN,0.87
PLK1,TOP2A,0.931
PRAME,TP53,0.408
PRAME,WT1,0.685
PRMT1,SRSF1,0.47
PRMT1,YY1,0.896
PRMT1,TP53,0.937
PRMT1,RUNX1,0.96
PRMT1,STAT5A,0.413
PRMT1,PSIP1,0.434
PRMT1,RELA,0.462
PROM1,SOX4,0.438
PROM1,VWF,0.618
PROM1,STAT3,0.641
PROM1,TP53,0.671
PROM1,THY1,0.791
PROM1,TERT,0.497
PROM1,PTEN,0.594
PROM1,TNF,0.481
PSIP1,SRSF1,0.969
PSIP1,RELA,0.501
PSIP1,RAD51,0.587
PTEN,TIMP1,0.405
PTEN,SOX4,0.434
PTEN,YY1,0.644
PTEN,STAT3,0.794
PTEN,RB1,0.734
PTEN,TP53,0.999
PTEN,STAT5B,0.551
PTEN,RUNX1,0.516
PTEN,TERT,0.822
PTEN,STAT5A,0.783
PTEN,PTGS2,0.682
PTEN,XIAP,0.921
PTEN,WT1,0.52
PTEN,TOP2A,0.636
PTEN,TNF,0.638
PTEN,RELA,0.642
PTEN,PTPN11,0.745
PTEN,RAD51,0.759
PTGS2,TNFRSF1A,0.486
PTGS2,TIMP1,0.566
PTGS2,TIMP2,0.484
PTGS2,STAT3,0.93
PTGS2,TP53,0.974
PTGS2,STAT5B,0.407
PTGS2,TAC1,0.68
PTGS2,TLR9,0.618
PTGS2,THBD,0.418
PTGS2,S100A8,0.449
PTGS2,XIAP,0.451
PTGS2,RELA,0.737
PTGS2,TNF,0.916
PTPN11,TNFRSF1A,0.659
PTPN11,STAT3,0.984
PTPN11,ZAP70,0.986
PTPN11,TP53,0.612
PTPN11,STAT5B,0.962
PTPN11,SPRED1,0.512
PTPN11,RUNX1,0.96
PTPN11,STAT5A,0.974
PTPN11,TLR9,0.66
PTPN11,S100A8,0.995
PTPN11,WT1,0.572
PTPN11,TNF,0.518
PYY,TAC1,0.612
PYY,TNF,0.423
RAD50,XRCC1,0.757
RAD50,TP53,0.709
RAD50,TERT,0.469
RAD50,XRCC3,0.706
RAD50,RFC1,0.815
RAD50,RAD51,0.858
RAD51,SRSF1,0.677
RAD51,XRCC1,0.837
RAD51,RB1,0.548
RAD51,TP53,0.999
RAD51,SLC19A1,0.436
RAD51,TERT,0.642
RAD51,TYMS,0.753
RAD51,RFC1,0.62
RAD51,RELA,0.43
RAD51,TOP2A,0.799
RAD51,XRCC4,0.748
RAD51,XRCC3,0.998
RB1,YY1,0.646
RB1,STAT3,0.537
RB1,TYMS,0.43
RB1,TOP2A,0.444
RB1,TERT,0.458
RB1,TP53,0.936
RELA,TNFRSF1A,0.826
RELA,RIPK1,0.784
RELA,YY1,0.671
RELA,STAT3,0.992
RELA,TP53,0.955
RELA,STAT5B,0.488
RELA,RUNX1,0.831
RELA,TERT,0.674
RELA,STAT5A,0.522
RELA,TLR9,0.452
RELA,XIAP,0.535
RELA,TNF,0.997
RFC1,XRCC1,0.565
RFC1,XRCC3,0.626
RIPK1,TNFRSF1A,0.999
RIPK1,STAT3,0.481
RIPK1,TP53,0.626
RIPK1,TLR9,0.634
RIPK1,XIAP,0.988
RIPK1,TNF,0.999
RPL10,RPL5,0.999
RPL5,SRSF1,0.724
RPL5,TP53,0.945
RPL5,TOP2A,0.416
RUNX1,SOX4,0.462
RUNX1,YY1,0.404
RUNX1,TCF3,0.975
RUNX1,STAT3,0.726
RUNX1,TP53,0.82
RUNX1,STAT5B,0.824
RUNX1,TLX3,0.643
RUNX1,TNF,0.431
RUNX1,SLC19A1,0.461
RUNX1,TERT,0.493
RUNX1,WT1,0.728
RUNX1,STAT5A,0.829
S100A8,STAT3,0.418
S100A8,TP53,0.479
S100A8,TNF,0.569
S100A8,TLR6,0.58
S100A8,S100A9,0.999
S100A9,STAT3,0.479
S100A9,UGT1A1,0.41
S100A9,TNF,0.514
S100A9,TLR6,0.599
SEPTIN4,XIAP,0.995
SET,SRSF1,0.453
SET,TP53,0.714
SET,TNFSF13,0.8
SLC19A1,SLC19A2,0.483
SLC19A1,SLCO1B1,0.545
SLC19A1,TYMS,0.719
SLC19A1,TPMT,0.924
SLCO1B1,TPMT,0.725
SLCO1B1,UGT1A1,0.927
SOX4,WT1,0.525
SOX4,TP53,0.636
SOX4,STAT3,0.707
SRSF1,TYMS,0.428
SRSF1,TP53,0.878
STAT3,TNFRSF1A,0.829
STAT3,TIMP1,0.772
STAT3,YY1,0.494
STAT3,TIMP2,0.411
STAT3,TCF3,0.44
STAT3,ZFX,0.422
STAT3,THY1,0.487
STAT3,ZAP70,0.501
STAT3,TLR9,0.592
STAT3,XIAP,0.637
STAT3,TERT,0.669
STAT3,TNF,0.939
STAT3,TP53,0.994
STAT3,STAT5A,0.997
STAT3,STAT5B,0.998
STAT5A,YY1,0.605
STAT5A,TCF3,0.428
STAT5A,ZAP70,0.559
STAT5A,TP53,0.755
STAT5A,STAT5B,0.949
STAT5A,TET1,0.53
STAT5A,TNF,0.671
STAT5B,YY1,0.584
STAT5B,TCF3,0.429
STAT5B,ZAP70,0.528
STAT5B,TP53,0.728
STAT5B,TET1,0.533
STAT5B,TNF,0.637
TAC1,TNF,0.653
TAP1,TAP2,0.999
TCF3,YY1,0.591
TCF3,TP53,0.488
TERT,XRCC1,0.409
TERT,TP53,0.902
TERT,THY1,0.4
TERT,XRCC3,0.411
TERT,TNF,0.446
TERT,XIAP,0.472
TERT,WT1,0.526
TET1,TP53,0.48
TET1,TRDMT1,0.547
TFPI2,TNFSF13,0.415
TFPI2,TP53,0.488
TFPI2,THBD,0.541
THBD,VWF,0.912
THBD,TLR9,0.524
THBD,WT1,0.403
THBD,TNF,0.629
THY1,TIMP1,0.632
THY1,VWF,0.593
THY1,TP53,0.506
THY1,TNF,0.619
TIMP1,TNFRSF1A,0.873
TIMP1,TIMP2,0.582
TIMP1,VWF,0.668
TIMP1,TP53,0.681
TIMP1,TNF,0.727
TIMP2,TP53,0.436
TIMP2,TNF,0.58
TLR6,TLR9,0.623
TLR6,TNF,0.756
TLR9,TNFRSF1A,0.486
TLR9,TP53,0.407
TLR9,TNF,0.896
TNF,TNFRSF1A,0.999
TNF,VWF,0.789
TNF,ZAP70,0.658
TNF,TP53,0.865
TNF,TNFSF13,0.623
TNF,XIAP,0.902
TNFRSF1A,TP53,0.741
TNFRSF1A,TNFSF13,0.827
TNFRSF1A,XIAP,0.853
TOP2A,YY1,0.608
TOP2A,TP53,0.843
TOP2A,TYMS,0.96
TOP2A,TRDMT1,0.521
TP53,YY1,0.942
TP53,XRCC1,0.75
TP53,ZAP70,0.55
TP53,UGT1A1,0.497
TP53,XRCC3,0.518
TP53,XRCC4,0.693
TP53,TYMS,0.774
TP53,USP42,0.835
TP53,XIAP,0.836
TP53,WT1,0.983
TPMT,UGT1A1,0.738
TPMT,TYMS,0.595
TYMS,XRCC1,0.497
TYMS,UGT1A1,0.507
TYMS,XRCC3,0.479
XRCC1,XRCC3,0.911
XRCC1,XRCC4,0.94
XRCC3,XRCC4,0.798
